"postiid","kandidatiname","kohapostimit","nrlike","nrReaction","nrkomenteve","nrshare"
"1023130284375539_1665393793482515","DardanMolliqaj8","2017-10-02 21:29:08","3736","3890","200","211"
"1023130284375539_1665994943422400","DardanMolliqaj8","2017-10-03 18:43:02","1451","1489","52","117"
"1023130284375539_1671872542834640","DardanMolliqaj8","2017-10-09 17:00:33","839","856","36","13"
"1023130284375539_1675070489181512","DardanMolliqaj8","2017-10-12 22:50:32","887","924","102","27"
"1023130284375539_1676949758993585","DardanMolliqaj8","2017-10-14 21:29:33","1520","1557","22","12"
"1023130284375539_1678748508813710","DardanMolliqaj8","2017-10-16 19:40:34","954","995","43","37"
"1023130284375539_1679582838730277","DardanMolliqaj8","2017-10-17 18:34:49","560","589","11","23"
"1023130284375539_1681463528542208","DardanMolliqaj8","2017-10-19 18:58:13","1273","1307","18","13"
"1023130284375539_1682389405116287","DardanMolliqaj8","2017-10-20 17:20:38","535","602","98","31"
"1023130284375539_1697342440287650","DardanMolliqaj8","2017-11-04 16:12:05","523","538","10","15"
"151644000915_10154671018900916","mimozakusari","2017-10-02 09:16:44","106","107","3","0"
"151644000915_10154671213890916","mimozakusari","2017-10-02 13:11:03","329","335","26","8"
"151644000915_10154671455790916","mimozakusari","2017-10-02 15:29:21","484","485","21","3"
"151644000915_10154671553525916","mimozakusari","2017-10-02 16:08:44","337","341","1","0"
"151644000915_10154671969170916","mimozakusari","2017-10-02 20:32:03","123","123","4","2"
"151644000915_10154673217025916","mimozakusari","2017-10-03 11:10:06","245","249","1","0"
"151644000915_10154673246595916","mimozakusari","2017-10-03 11:42:41","234","236","1","0"
"151644000915_10154673854670916","mimozakusari","2017-10-03 18:27:13","301","313","16","0"
"151644000915_10154673870940916","mimozakusari","2017-10-03 18:36:28","240","243","2","0"
"151644000915_10154674159655916","mimozakusari","2017-10-03 21:39:28","260","261","12","1"
"151644000915_10154674226175916","mimozakusari","2017-10-03 22:20:12","279","279","5","0"
"151644000915_10154675661085916","mimozakusari","2017-10-04 15:50:59","264","264","3","0"
"151644000915_10154675708125916","mimozakusari","2017-10-04 16:20:20","442","445","8","7"
"151644000915_10154677224940916","mimozakusari","2017-10-05 07:25:50","356","357","8","3"
"151644000915_10154677966830916","mimozakusari","2017-10-05 17:10:47","309","314","15","4"
"151644000915_10154678073585916","mimozakusari","2017-10-05 18:10:16","437","437","8","3"
"151644000915_10154678084620916","mimozakusari","2017-10-05 18:17:30","199","199","0","3"
"151644000915_10154678106490916","mimozakusari","2017-10-05 18:29:23","263","263","4","1"
"151644000915_10154678122365916","mimozakusari","2017-10-05 18:39:48","513","513","10","7"
"151644000915_10154678262545916","mimozakusari","2017-10-05 19:58:48","105","105","7","1"
"151644000915_10154679575150916","mimozakusari","2017-10-06 08:16:21","115","115","4","1"
"151644000915_10154679608900916","mimozakusari","2017-10-06 08:59:51","100","100","1","1"
"151644000915_10154679683870916","mimozakusari","2017-10-06 10:51:18","118","118","0","4"
"151644000915_10154679691205916","mimozakusari","2017-10-06 11:29:53","201","204","5","1"
"151644000915_10154679996455916","mimozakusari","2017-10-06 15:18:46","212","213","2","3"
"151644000915_10154680030840916","mimozakusari","2017-10-06 15:14:48","171","175","4","0"
"151644000915_10154680520475916","mimozakusari","2017-10-06 18:52:06","597","603","6","1"
"151644000915_10154680722810916","mimozakusari","2017-10-06 20:55:34","226","227","1","0"
"151644000915_10154680854015916","mimozakusari","2017-10-06 22:08:58","242","242","0","0"
"151644000915_10154681027700916","mimozakusari","2017-10-06 23:22:51","243","245","2","1"
"151644000915_10154681155635916","mimozakusari","2017-10-07 09:20:01","205","205","12","7"
"151644000915_10154684330200916","mimozakusari","2017-10-08 13:35:47","967","980","26","2"
"151644000915_10154684698355916","mimozakusari","2017-10-08 19:32:00","140","140","0","4"
"151644000915_10154685324210916","mimozakusari","2017-10-08 22:21:50","511","512","7","4"
"151644000915_10154685358970916","mimozakusari","2017-10-08 22:31:48","342","343","9","7"
"151644000915_10154685406240916","mimozakusari","2017-10-08 22:47:25","546","552","9","3"
"151644000915_10154685898935916","mimozakusari","2017-10-09 04:02:55","140","141","4","0"
"151644000915_10154686254200916","mimozakusari","2017-10-09 09:20:55","164","167","2","5"
"151644000915_10154686341235916","mimozakusari","2017-10-09 11:43:01","392","395","20","21"
"151644000915_10154687588475916","mimozakusari","2017-10-09 22:47:53","358","360","8","1"
"151644000915_10154688441895916","mimozakusari","2017-10-10 10:03:12","177","177","3","0"
"151644000915_10154688448560916","mimozakusari","2017-10-10 10:12:43","806","811","9","6"
"151644000915_10154688754510916","mimozakusari","2017-10-10 14:15:07","360","362","1","0"
"151644000915_10154689129595916","mimozakusari","2017-10-10 18:04:57","128","128","2","2"
"151644000915_10154689503505916","mimozakusari","2017-10-10 21:10:03","256","256","7","5"
"151644000915_10154691021085916","mimozakusari","2017-10-11 15:09:34","341","342","4","1"
"151644000915_10154691033155916","mimozakusari","2017-10-11 15:19:06","327","328","4","7"
"151644000915_10154691114400916","mimozakusari","2017-10-11 16:14:32","98","101","0","0"
"151644000915_10154691937440916","mimozakusari","2017-10-11 23:05:50","504","507","4","1"
"151644000915_10154691948810916","mimozakusari","2017-10-11 23:14:47","351","353","7","2"
"151644000915_10154693224240916","mimozakusari","2017-10-12 16:59:43","209","209","2","0"
"151644000915_10154693240020916","mimozakusari","2017-10-12 17:05:58","247","247","0","2"
"151644000915_10154693246805916","mimozakusari","2017-10-12 17:11:33","428","429","11","1"
"151644000915_10154693252955916","mimozakusari","2017-10-12 17:16:35","620","625","28","2"
"151644000915_10154693256410916","mimozakusari","2017-10-12 17:18:57","193","193","2","1"
"151644000915_10154693930220916","mimozakusari","2017-10-12 23:13:07","191","192","4","2"
"151644000915_10154695080765916","mimozakusari","2017-10-13 13:36:07","242","242","3","1"
"151644000915_10154695118855916","mimozakusari","2017-10-13 14:06:44","474","475","0","2"
"151644000915_10154695186635916","mimozakusari","2017-10-13 14:35:44","238","238","0","2"
"151644000915_10154695640735916","mimozakusari","2017-10-13 19:38:14","107","107","0","1"
"151644000915_10154695668685916","mimozakusari","2017-10-13 19:50:37","64","64","0","2"
"151644000915_10154697091755916","mimozakusari","2017-10-14 15:05:21","33","33","1","39"
"151644000915_10154697243665916","mimozakusari","2017-10-14 15:04:30","188","188","0","17"
"151644000915_10154697256870916","mimozakusari","2017-10-14 15:14:48","206","206","2","37"
"151644000915_10154697270705916","mimozakusari","2017-10-14 15:24:13","260","260","4","54"
"151644000915_10154697695870916","mimozakusari","2017-10-14 18:50:14","360","362","10","38"
"151644000915_10154697785165916","mimozakusari","2017-10-14 19:04:57","597","601","14","41"
"151644000915_10154698019010916","mimozakusari","2017-10-14 20:45:53","106","106","5","1"
"151644000915_10154700048910916","mimozakusari","2017-10-15 18:19:44","302","303","2","3"
"151644000915_10154700553095916","mimozakusari","2017-10-15 21:55:29","353","354","3","5"
"151644000915_10154700570250916","mimozakusari","2017-10-15 22:02:07","225","226","1","0"
"151644000915_10154700611760916","mimozakusari","2017-10-15 22:14:29","271","272","1","2"
"151644000915_10154700641600916","mimozakusari","2017-10-15 22:25:27","525","529","24","11"
"151644000915_10154701543945916","mimozakusari","2017-10-16 10:54:17","288","288","2","5"
"151644000915_10154701670180916","mimozakusari","2017-10-16 13:33:54","255","257","3","2"
"151644000915_10154701955425916","mimozakusari","2017-10-16 15:55:03","95","95","0","0"
"151644000915_10154702526935916","mimozakusari","2017-10-16 23:16:34","182","182","3","4"
"151644000915_10154702692350916","mimozakusari","2017-10-16 23:06:47","2045","2210","624","64"
"151644000915_10154703566635916","mimozakusari","2017-10-17 09:21:26","159","159","9","16"
"151644000915_10154703619095916","mimozakusari","2017-10-17 09:47:59","494","499","11","32"
"151644000915_10154703625305916","mimozakusari","2017-10-17 09:56:54","490","491","13","15"
"151644000915_10154703790825916","mimozakusari","2017-10-17 13:20:46","403","407","4","19"
"151644000915_10154703802860916","mimozakusari","2017-10-17 13:31:26","1096","1102","14","22"
"151644000915_10154704023035916","mimozakusari","2017-10-17 15:55:24","579","581","34","26"
"151644000915_10154704713175916","mimozakusari","2017-10-17 23:46:29","394","399","14","21"
"151644000915_10154705693845916","mimozakusari","2017-10-18 09:31:07","299","300","0","2"
"151644000915_10154705770050916","mimozakusari","2017-10-18 11:02:13","601","604","6","3"
"151644000915_10154705826705916","mimozakusari","2017-10-18 12:16:46","227","228","4","3"
"151644000915_10154705841240916","mimozakusari","2017-10-18 12:33:25","383","385","4","3"
"151644000915_10154705849915916","mimozakusari","2017-10-18 12:41:44","190","190","0","2"
"151644000915_10154705974335916","mimozakusari","2017-10-18 14:25:14","560","568","21","20"
"151644000915_10154706426955916","mimozakusari","2017-10-18 18:37:28","361","364","2","4"
"151644000915_10154706536295916","mimozakusari","2017-10-18 19:48:12","242","243","8","3"
"151644000915_10154706594700916","mimozakusari","2017-10-18 20:26:35","187","187","0","2"
"151644000915_10154706855470916","mimozakusari","2017-10-18 22:33:15","208","208","0","2"
"151644000915_10154707878230916","mimozakusari","2017-10-19 10:24:18","420","428","4","15"
"151644000915_10154708827995916","mimozakusari","2017-10-19 19:33:17","167","167","0","2"
"151644000915_10154709010190916","mimozakusari","2017-10-19 21:45:12","316","317","6","2"
"151644000915_10154709050730916","mimozakusari","2017-10-19 22:04:08","591","596","11","3"
"151644000915_10154709131100916","mimozakusari","2017-10-19 22:25:18","317","321","4","2"
"151644000915_10154710124075916","mimozakusari","2017-10-20 09:11:03","292","292","7","0"
"151644000915_10154710178875916","mimozakusari","2017-10-20 10:20:21","241","243","17","1"
"151644000915_10154710277785916","mimozakusari","2017-10-20 11:50:59","513","520","16","4"
"151644000915_10154710377730916","mimozakusari","2017-10-20 13:35:09","145","147","2","3"
"151644000915_10154710543220916","mimozakusari","2017-10-20 14:53:54","246","249","19","9"
"151644000915_10154710636995916","mimozakusari","2017-10-20 16:30:00","167","169","3","4"
"151644000915_10154710953885916","mimozakusari","2017-10-20 19:15:15","1124","1300","211","77"
"151644000915_10154714558865916","mimozakusari","2017-10-22 10:03:41","1548","1588","76","8"
"151644000915_10154715974370916","mimozakusari","2017-10-22 23:48:52","1606","1667","137","10"
"151644000915_10154723748260916","mimozakusari","2017-10-26 20:37:15","270","274","11","7"
"151644000915_10154723794295916","mimozakusari","2017-10-26 21:04:14","190","191","7","1"
"151644000915_10154723797725916","mimozakusari","2017-10-26 21:06:37","144","152","6","0"
"151644000915_10154725441935916","mimozakusari","2017-10-27 16:08:50","199","201","9","4"
"151644000915_10154725608950916","mimozakusari","2017-10-27 17:54:09","820","842","75","17"
"151644000915_10154732536900916","mimozakusari","2017-10-30 19:40:18","1049","1059","20","13"
"151644000915_10154734857935916","mimozakusari","2017-10-31 20:40:08","255","257","8","5"
"151644000915_10154735172215916","mimozakusari","2017-10-31 22:28:05","65","66","4","0"
"151644000915_10154736261840916","mimozakusari","2017-11-01 10:03:27","119","119","0","2"
"151644000915_10154736357955916","mimozakusari","2017-11-01 11:56:30","963","1039","209","57"
"151644000915_10154739531575916","mimozakusari","2017-11-02 20:15:42","131","134","4","1"
"151644000915_10154740798710916","mimozakusari","2017-11-03 09:34:55","66","67","3","0"
"151644000915_10154741321970916","mimozakusari","2017-11-03 15:20:06","83","83","0","1"
"151644000915_10154741412830916","mimozakusari","2017-11-03 16:26:24","399","407","3","7"
"151644000915_10154741774810916","mimozakusari","2017-11-03 20:16:20","222","228","6","1"
"151644000915_10154741845560916","mimozakusari","2017-11-03 21:01:56","165","169","4","1"
"151644000915_10154743094100916","mimozakusari","2017-11-04 13:09:43","429","437","47","12"
"151644000915_10154745190475916","mimozakusari","2017-11-05 12:07:05","195","198","2","0"
"151644000915_10154745225075916","mimozakusari","2017-11-05 12:40:23","58","58","0","0"
"179643115493444_650450288412722","RamushHaradinajOfficial","2017-10-02 12:46:04","645","653","12","9"
"179643115493444_650520025072415","RamushHaradinajOfficial","2017-10-02 15:35:14","478","520","19","12"
"179643115493444_650570345067383","RamushHaradinajOfficial","2017-10-02 17:28:43","366","370","7","4"
"179643115493444_650575301733554","RamushHaradinajOfficial","2017-10-02 17:40:59","851","864","18","28"
"179643115493444_650587785065639","RamushHaradinajOfficial","2017-10-02 18:09:02","593","625","9","6"
"179643115493444_650652005059217","RamushHaradinajOfficial","2017-10-02 21:01:42","2176","2193","21","19"
"179643115493444_651469734977444","RamushHaradinajOfficial","2017-10-04 13:06:04","636","642","10","6"
"179643115493444_651513141639770","RamushHaradinajOfficial","2017-10-04 14:44:54","1347","1362","38","50"
"179643115493444_651635891627495","RamushHaradinajOfficial","2017-10-04 19:11:34","415","419","2","3"
"179643115493444_652569858200765","RamushHaradinajOfficial","2017-10-05 15:02:07","537","539","3","7"
"179643115493444_652662684858149","RamushHaradinajOfficial","2017-10-06 13:34:33","1033","1040","10","10"
"179643115493444_652681124856305","RamushHaradinajOfficial","2017-10-06 14:22:02","427","432","2","1"
"179643115493444_652737704850647","RamushHaradinajOfficial","2017-10-06 16:24:14","529","532","12","6"
"179643115493444_653253471465737","RamushHaradinajOfficial","2017-10-07 16:13:40","1177","1184","30","21"
"179643115493444_654235308034220","RamushHaradinajOfficial","2017-10-09 12:49:17","931","937","21","25"
"179643115493444_654299531361131","RamushHaradinajOfficial","2017-10-09 15:16:21","833","836","8","8"
"179643115493444_654325421358542","RamushHaradinajOfficial","2017-10-09 16:05:10","418","418","1","5"
"179643115493444_654473004677117","RamushHaradinajOfficial","2017-10-09 21:14:08","3322","3345","69","57"
"179643115493444_654901541300930","RamushHaradinajOfficial","2017-10-10 17:21:24","493","495","8","3"
"179643115493444_654944261296658","RamushHaradinajOfficial","2017-10-10 17:10:17","447","448","6","8"
"179643115493444_655388234585594","RamushHaradinajOfficial","2017-10-11 15:52:45","1218","1231","9","13"
"179643115493444_655421267915624","RamushHaradinajOfficial","2017-10-11 17:03:53","876","881","3","8"
"179643115493444_655447177913033","RamushHaradinajOfficial","2017-10-11 18:20:26","1538","1547","7","18"
"179643115493444_655841534540264","RamushHaradinajOfficial","2017-10-12 13:59:46","726","732","9","13"
"179643115493444_655884747869276","RamushHaradinajOfficial","2017-10-12 15:37:16","1404","1413","12","29"
"179643115493444_655991034525314","RamushHaradinajOfficial","2017-10-12 19:40:37","457","457","2","4"
"179643115493444_656452877812463","RamushHaradinajOfficial","2017-10-13 16:08:09","658","666","13","5"
"179643115493444_656474451143639","RamushHaradinajOfficial","2017-10-13 16:53:51","674","677","6","8"
"179643115493444_656944774429940","RamushHaradinajOfficial","2017-10-14 13:45:20","1499","1512","29","13"
"179643115493444_656958287761922","RamushHaradinajOfficial","2017-10-14 14:17:30","589","593","8","9"
"179643115493444_656974914426926","RamushHaradinajOfficial","2017-10-14 14:54:59","598","599","7","13"
"179643115493444_657012161089868","RamushHaradinajOfficial","2017-10-14 16:19:54","530","530","4","3"
"179643115493444_657076397750111","RamushHaradinajOfficial","2017-10-14 18:37:42","637","638","9","8"
"179643115493444_657460527711698","RamushHaradinajOfficial","2017-10-15 13:10:32","542","544","6","12"
"179643115493444_657480227709728","RamushHaradinajOfficial","2017-10-15 14:05:41","673","675","12","7"
"179643115493444_657917630999321","RamushHaradinajOfficial","2017-10-16 10:43:42","3042","3055","57","32"
"179643115493444_658054480985636","RamushHaradinajOfficial","2017-10-16 16:42:36","1667","1682","34","36"
"179643115493444_658090440982040","RamushHaradinajOfficial","2017-10-16 17:49:26","567","572","3","4"
"179643115493444_658185484305869","RamushHaradinajOfficial","2017-10-16 21:46:41","932","942","17","7"
"179643115493444_658512930939791","RamushHaradinajOfficial","2017-10-17 14:28:57","1129","1137","18","33"
"179643115493444_658681127589638","RamushHaradinajOfficial","2017-10-17 20:56:55","601","606","5","2"
"179643115493444_658940584230359","RamushHaradinajOfficial","2017-10-18 11:02:23","459","460","5","5"
"179643115493444_659050730886011","RamushHaradinajOfficial","2017-10-18 15:47:12","430","432","0","5"
"179643115493444_659064940884590","RamushHaradinajOfficial","2017-10-18 16:21:37","867","878","26","16"
"179643115493444_659436084180809","RamushHaradinajOfficial","2017-10-19 11:06:42","466","469","11","11"
"179643115493444_659465930844491","RamushHaradinajOfficial","2017-10-19 12:38:59","984","990","9","6"
"179643115493444_659486030842481","RamushHaradinajOfficial","2017-10-19 13:38:37","421","426","2","8"
"179643115493444_659534197504331","RamushHaradinajOfficial","2017-10-19 15:39:55","2448","2469","19","31"
"179643115493444_659569057500845","RamushHaradinajOfficial","2017-10-19 16:38:08","713","741","8","16"
"179643115493444_659569284167489","RamushHaradinajOfficial","2017-10-19 16:25:31","597","607","3","4"
"179643115493444_660079334116484","RamushHaradinajOfficial","2017-10-20 16:09:28","997","1001","9","6"
"179643115493444_660192377438513","RamushHaradinajOfficial","2017-10-20 20:41:46","268","270","4","0"
"179643115493444_660607250730359","RamushHaradinajOfficial","2017-10-21 16:35:26","8534","8675","357","140"
"179643115493444_660995564024861","RamushHaradinajOfficial","2017-10-22 11:17:42","1726","1738","24","29"
"179643115493444_661530913971326","RamushHaradinajOfficial","2017-10-23 13:22:59","2247","2260","16","17"
"179643115493444_661710480620036","RamushHaradinajOfficial","2017-10-23 20:35:48","1299","1306","3","8"
"179643115493444_661735410617543","RamushHaradinajOfficial","2017-10-23 21:28:01","637","639","0","4"
"179643115493444_662221060568978","RamushHaradinajOfficial","2017-10-24 16:48:02","1152","1164","19","19"
"179643115493444_662789167178834","RamushHaradinajOfficial","2017-10-25 15:52:23","1214","1225","10","23"
"179643115493444_662879867169764","RamushHaradinajOfficial","2017-10-25 18:40:54","747","749","4","5"
"179643115493444_663304330460651","RamushHaradinajOfficial","2017-10-26 14:10:36","642","645","12","9"
"179643115493444_663354167122334","RamushHaradinajOfficial","2017-10-26 15:54:22","531","535","11","8"
"179643115493444_664431103681307","RamushHaradinajOfficial","2017-10-28 14:11:55","805","817","14","15"
"179643115493444_665623560228728","RamushHaradinajOfficial","2017-10-30 14:51:06","1966","1976","24","19"
"179643115493444_665699466887804","RamushHaradinajOfficial","2017-10-30 17:40:37","705","707","8","10"
"179643115493444_665762713548146","RamushHaradinajOfficial","2017-10-30 20:16:58","1090","1107","24","13"
"179643115493444_666290806828670","RamushHaradinajOfficial","2017-10-31 18:57:34","928","939","25","33"
"179643115493444_666583623466055","RamushHaradinajOfficial","2017-11-01 09:45:52","573","596","8","4"
"179643115493444_666591776798573","RamushHaradinajOfficial","2017-11-01 10:08:29","1410","1424","25","30"
"179643115493444_666894550101629","RamushHaradinajOfficial","2017-11-01 21:49:03","1050","1059","5","9"
"179643115493444_667191720071912","RamushHaradinajOfficial","2017-11-02 13:17:19","333","336","6","7"
"179643115493444_667258070065277","RamushHaradinajOfficial","2017-11-02 15:36:06","691","694","17","13"
"179643115493444_668230439968040","RamushHaradinajOfficial","2017-11-04 12:17:42","6476","6548","257","112"
"179643115493444_668880979902986","RamushHaradinajOfficial","2017-11-05 16:28:06","2132","2157","60","66"
"179643115493444_669288813195536","RamushHaradinajOfficial","2017-11-06 10:50:57","5657","5745","381","317"
"214842955357585_854905584684649","kadriveseliofficial","2017-10-02 09:03:12","1001","1010","3","16"
"214842955357585_855120251329849","kadriveseliofficial","2017-10-02 18:21:46","1292","1379","747","89"
"214842955357585_855188094656398","kadriveseliofficial","2017-10-02 20:19:33","7781","7844","144","272"
"214842955357585_855488061293068","kadriveseliofficial","2017-10-03 12:23:10","916","951","148","29"
"214842955357585_855552104619997","kadriveseliofficial","2017-10-03 14:47:23","5201","5271","185","622"
"214842955357585_855562534618954","kadriveseliofficial","2017-10-03 17:00:02","1039","1050","6","20"
"214842955357585_855636077944933","kadriveseliofficial","2017-10-03 18:17:10","964","996","185","46"
"214842955357585_855694617939079","kadriveseliofficial","2017-10-03 20:05:29","1452","1463","12","34"
"214842955357585_855726881269186","kadriveseliofficial","2017-10-03 21:52:40","993","1004","7","26"
"214842955357585_855922441249630","kadriveseliofficial","2017-10-04 09:20:52","937","943","9","21"
"214842955357585_855965314578676","kadriveseliofficial","2017-10-04 12:44:32","938","985","175","22"
"214842955357585_856042967904244","kadriveseliofficial","2017-10-04 14:37:18","950","956","1","19"
"214842955357585_856115957896945","kadriveseliofficial","2017-10-04 17:24:54","1379","1388","11","16"
"214842955357585_856142807894260","kadriveseliofficial","2017-10-04 19:31:06","1338","1394","327","29"
"214842955357585_856200774555130","kadriveseliofficial","2017-10-04 20:42:50","1331","1339","9","34"
"214842955357585_856540967854444","kadriveseliofficial","2017-10-05 18:04:27","928","956","198","28"
"214842955357585_856607374514470","kadriveseliofficial","2017-10-05 18:56:09","785","792","6","18"
"214842955357585_856903964484811","kadriveseliofficial","2017-10-06 09:47:01","1228","1230","10","28"
"214842955357585_856974911144383","kadriveseliofficial","2017-10-06 12:57:05","783","805","114","20"
"214842955357585_857006634474544","kadriveseliofficial","2017-10-06 14:19:56","1039","1074","187","26"
"214842955357585_857023424472865","kadriveseliofficial","2017-10-06 14:09:36","1244","1250","5","24"
"214842955357585_857072877801253","kadriveseliofficial","2017-10-06 15:32:34","1611","1636","31","70"
"214842955357585_857097627798778","kadriveseliofficial","2017-10-06 17:42:51","1139","1180","360","44"
"214842955357585_857108381131036","kadriveseliofficial","2017-10-06 16:50:38","932","938","4","20"
"214842955357585_857175844457623","kadriveseliofficial","2017-10-06 19:20:14","1204","1209","9","25"
"214842955357585_857473937761147","kadriveseliofficial","2017-10-07 10:15:58","820","824","2","12"
"214842955357585_857562357752305","kadriveseliofficial","2017-10-07 15:33:40","1121","1162","227","34"
"214842955357585_857627674412440","kadriveseliofficial","2017-10-07 17:59:30","1297","1341","365","43"
"214842955357585_857631954412012","kadriveseliofficial","2017-10-07 16:42:00","1103","1113","17","21"
"214842955357585_857729147735626","kadriveseliofficial","2017-10-07 19:10:06","1369","1376","16","27"
"214842955357585_858072724367935","kadriveseliofficial","2017-10-08 13:38:00","952","957","3","13"
"214842955357585_858103127698228","kadriveseliofficial","2017-10-08 15:25:52","843","872","193","39"
"214842955357585_858165594358648","kadriveseliofficial","2017-10-08 16:52:49","999","1003","9","24"
"214842955357585_858228131019061","kadriveseliofficial","2017-10-08 19:39:59","1179","1187","6","38"
"214842955357585_858288514346356","kadriveseliofficial","2017-10-08 22:00:38","927","930","4","12"
"214842955357585_858527374322470","kadriveseliofficial","2017-10-09 14:27:45","592","612","155","30"
"214842955357585_858536677654873","kadriveseliofficial","2017-10-09 14:18:07","1334","1350","33","65"
"214842955357585_858572480984626","kadriveseliofficial","2017-10-09 16:18:05","871","910","258","31"
"214842955357585_858575054317702","kadriveseliofficial","2017-10-09 15:47:47","916","920","2","26"
"214842955357585_858640647644476","kadriveseliofficial","2017-10-09 17:47:48","1438","1451","16","35"
"214842955357585_858688297639711","kadriveseliofficial","2017-10-09 20:20:33","852","854","5","22"
"214842955357585_858954587613082","kadriveseliofficial","2017-10-10 12:47:17","808","818","13","28"
"214842955357585_859018370940037","kadriveseliofficial","2017-10-10 16:12:36","995","1009","22","37"
"214842955357585_859063907602150","kadriveseliofficial","2017-10-10 18:19:49","1013","1069","427","50"
"214842955357585_859122284262979","kadriveseliofficial","2017-10-10 19:56:20","735","740","1","16"
"214842955357585_859148610927013","kadriveseliofficial","2017-10-10 21:20:31","1167","1169","13","39"
"214842955357585_859522354222972","kadriveseliofficial","2017-10-11 18:40:20","858","863","2","22"
"214842955357585_859545447553996","kadriveseliofficial","2017-10-11 19:59:01","1041","1057","20","59"
"214842955357585_859554427553098","kadriveseliofficial","2017-10-11 21:00:35","718","724","6","20"
"214842955357585_859776360864238","kadriveseliofficial","2017-10-12 09:12:34","1060","1065","10","16"
"214842955357585_859890147519526","kadriveseliofficial","2017-10-12 15:34:23","723","726","8","14"
"214842955357585_859905300851344","kadriveseliofficial","2017-10-12 16:41:45","1165","1222","312","89"
"214842955357585_859963497512191","kadriveseliofficial","2017-10-12 18:13:28","752","790","157","47"
"214842955357585_859970617511479","kadriveseliofficial","2017-10-12 18:10:24","1353","1361","13","46"
"214842955357585_860004927508048","kadriveseliofficial","2017-10-12 19:22:44","1034","1038","3","22"
"214842955357585_860253447483196","kadriveseliofficial","2017-10-13 09:21:41","892","895","3","16"
"214842955357585_860378050804069","kadriveseliofficial","2017-10-13 14:27:26","707","733","132","28"
"214842955357585_860386294136578","kadriveseliofficial","2017-10-13 13:58:16","1121","1126","10","13"
"214842955357585_860443250797549","kadriveseliofficial","2017-10-13 16:17:23","891","895","3","24"
"214842955357585_860533544121853","kadriveseliofficial","2017-10-13 19:46:08","833","836","8","22"
"214842955357585_860586790783195","kadriveseliofficial","2017-10-13 21:57:42","917","925","11","56"
"214842955357585_860618780779996","kadriveseliofficial","2017-10-14 09:00:09","765","767","4","13"
"214842955357585_860759980765876","kadriveseliofficial","2017-10-14 10:25:43","1238","1254","24","51"
"214842955357585_860823914092816","kadriveseliofficial","2017-10-14 11:29:03","1323","1331","8","38"
"214842955357585_860887040753170","kadriveseliofficial","2017-10-14 15:30:21","882","939","319","48"
"214842955357585_860933954081812","kadriveseliofficial","2017-10-14 16:31:49","862","871","6","19"
"214842955357585_860978487410692","kadriveseliofficial","2017-10-14 18:22:42","882","887","4","12"
"214842955357585_861037264071481","kadriveseliofficial","2017-10-14 19:30:04","1301","1310","12","24"
"214842955357585_861041474071060","kadriveseliofficial","2017-10-14 20:30:48","1627","1636","19","39"
"214842955357585_861283947380146","kadriveseliofficial","2017-10-15 09:28:37","1132","1135","4","15"
"214842955357585_861340300707844","kadriveseliofficial","2017-10-15 12:43:47","1754","1776","40","88"
"214842955357585_861360720705802","kadriveseliofficial","2017-10-15 14:00:00","905","910","6","14"
"214842955357585_861407637367777","kadriveseliofficial","2017-10-15 15:40:07","1103","1115","22","66"
"214842955357585_861447884030419","kadriveseliofficial","2017-10-15 17:36:05","1264","1363","676","118"
"214842955357585_861497470692127","kadriveseliofficial","2017-10-15 18:55:56","1360","1369","9","55"
"214842955357585_861501987358342","kadriveseliofficial","2017-10-16 09:00:01","2851","2913","132","308"
"214842955357585_861511874024020","kadriveseliofficial","2017-10-15 20:30:01","973","977","6","16"
"214842955357585_861810390660835","kadriveseliofficial","2017-10-16 12:33:35","1263","1275","16","23"
"214842955357585_861854080656466","kadriveseliofficial","2017-10-16 14:55:03","852","862","4","38"
"214842955357585_861876893987518","kadriveseliofficial","2017-10-16 16:00:02","1321","1328","6","25"
"214842955357585_861956733979534","kadriveseliofficial","2017-10-16 18:49:32","1456","1464","10","40"
"214842955357585_861965513978656","kadriveseliofficial","2017-10-16 19:15:33","940","999","291","33"
"214842955357585_861997597308781","kadriveseliofficial","2017-10-16 20:19:18","740","746","4","23"
"214842955357585_862207813954426","kadriveseliofficial","2017-10-17 08:59:19","535","537","2","7"
"214842955357585_862292400612634","kadriveseliofficial","2017-10-17 11:56:35","516","521","8","56"
"214842955357585_862340337274507","kadriveseliofficial","2017-10-17 13:48:13","735","737","3","19"
"214842955357585_862349907273550","kadriveseliofficial","2017-10-17 15:15:00","671","679","6","64"
"214842955357585_862389177269623","kadriveseliofficial","2017-10-17 16:14:07","888","916","134","29"
"214842955357585_862394373935770","kadriveseliofficial","2017-10-17 16:23:51","653","674","180","27"
"214842955357585_862401043935103","kadriveseliofficial","2017-10-17 16:34:17","767","776","32","14"
"214842955357585_862431930598681","kadriveseliofficial","2017-10-17 17:33:47","1773","1777","25","26"
"214842955357585_862446267263914","kadriveseliofficial","2017-10-17 18:21:13","1274","1325","358","72"
"214842955357585_862488833926324","kadriveseliofficial","2017-10-17 19:47:31","1636","1641","23","49"
"214842955357585_862915043883703","kadriveseliofficial","2017-10-18 16:11:26","786","822","281","56"
"214842955357585_862977037210837","kadriveseliofficial","2017-10-18 17:29:07","1244","1249","9","25"
"214842955357585_862977330544141","kadriveseliofficial","2017-10-18 18:01:31","1180","1249","428","78"
"214842955357585_863027007205840","kadriveseliofficial","2017-10-18 19:26:28","2132","2145","45","71"
"214842955357585_863027973872410","kadriveseliofficial","2017-10-18 21:00:01","879","883","9","29"
"214842955357585_863298400512034","kadriveseliofficial","2017-10-19 09:08:10","807","811","9","18"
"214842955357585_863415590500315","kadriveseliofficial","2017-10-19 14:28:44","1384","1467","537","107"
"214842955357585_863452203829987","kadriveseliofficial","2017-10-19 15:39:06","1420","1425","16","34"
"214842955357585_863492680492606","kadriveseliofficial","2017-10-19 16:37:42","2635","2654","49","90"
"214842955357585_863555493819658","kadriveseliofficial","2017-10-19 18:33:04","1364","1437","720","101"
"214842955357585_863577713817436","kadriveseliofficial","2017-10-19 19:08:16","2019","2068","327","90"
"214842955357585_863611663814041","kadriveseliofficial","2017-10-19 20:23:04","1672","1694","22","60"
"214842955357585_863636690478205","kadriveseliofficial","2017-10-19 21:19:37","1179","1188","15","26"
"214842955357585_863859473789260","kadriveseliofficial","2017-10-20 09:15:00","723","729","5","12"
"214842955357585_863953280446546","kadriveseliofficial","2017-10-20 12:52:40","1291","1377","359","58"
"214842955357585_864000660441808","kadriveseliofficial","2017-10-20 14:23:10","1768","1777","14","34"
"214842955357585_864013907107150","kadriveseliofficial","2017-10-20 15:00:16","905","914","13","74"
"214842955357585_864144640427410","kadriveseliofficial","2017-10-20 20:02:52","8531","8627","180","140"
"214842955357585_864156053759602","kadriveseliofficial","2017-10-20 20:37:04","1558","1568","16","27"
"214842955357585_864181450423729","kadriveseliofficial","2017-10-20 21:42:44","2840","2882","57","67"
"214842955357585_864188773756330","kadriveseliofficial","2017-10-20 22:18:40","1851","1870","42","105"
"214842955357585_864961657012375","kadriveseliofficial","2017-10-22 12:17:07","3804","3832","87","27"
"214842955357585_864993090342565","kadriveseliofficial","2017-10-22 13:55:14","2307","2328","51","33"
"214842955357585_865161450325729","kadriveseliofficial","2017-10-22 20:21:07","8096","8175","223","107"
"214842955357585_866073970234477","kadriveseliofficial","2017-10-24 16:14:57","726","732","8","8"
"214842955357585_866509900190884","kadriveseliofficial","2017-10-25 13:26:07","987","994","9","15"
"214842955357585_867711330070741","kadriveseliofficial","2017-10-27 20:22:27","870","874","6","16"
"214842955357585_868047796703761","kadriveseliofficial","2017-10-28 15:00:20","747","759","22","25"
"214842955357585_869063203268887","kadriveseliofficial","2017-10-30 17:35:22","711","715","14","10"
"214842955357585_869517819890092","kadriveseliofficial","2017-10-31 17:22:59","920","923","9","20"
"214842955357585_869576459884228","kadriveseliofficial","2017-10-31 20:27:21","596","599","7","12"
"214842955357585_869633873211820","kadriveseliofficial","2017-11-01 00:22:13","602","622","6","3"
"214842955357585_869903479851526","kadriveseliofficial","2017-11-01 13:35:02","781","788","6","17"
"214842955357585_869931059848768","kadriveseliofficial","2017-11-01 14:34:59","360","364","5","13"
"214842955357585_869994486509092","kadriveseliofficial","2017-11-01 17:11:50","540","544","3","13"
"214842955357585_870018566506684","kadriveseliofficial","2017-11-01 19:50:19","540","543","4","20"
"214842955357585_870454276463113","kadriveseliofficial","2017-11-02 16:50:59","500","503","10","22"
"214842955357585_870524233122784","kadriveseliofficial","2017-11-02 19:30:01","352","355","1","9"
"214842955357585_870525756455965","kadriveseliofficial","2017-11-02 19:55:30","774","779","6","17"
"214842955357585_870947343080473","kadriveseliofficial","2017-11-03 15:56:12","538","539","4","32"
"214842955357585_871008663074341","kadriveseliofficial","2017-11-03 18:21:59","461","466","3","16"
"214842955357585_871455026363038","kadriveseliofficial","2017-11-04 16:08:09","475","478","2","28"
"214842955357585_871494433025764","kadriveseliofficial","2017-11-04 18:01:24","512","516","6","20"
"214842955357585_872313786277162","kadriveseliofficial","2017-11-06 12:20:03","189","190","1","3"
"215598455177188_1646929308710755","HashimThaciOfficial","2017-10-02 10:42:39","476","498","18","2"
"215598455177188_1648008958602790","HashimThaciOfficial","2017-10-03 11:08:35","848","851","28","9"
"215598455177188_1650874184982934","HashimThaciOfficial","2017-10-05 21:14:42","1202","1215","40","17"
"215598455177188_1654881781248841","HashimThaciOfficial","2017-10-09 10:46:43","462","469","27","0"
"215598455177188_1657203221016697","HashimThaciOfficial","2017-10-11 10:59:41","1043","1043","19","5"
"215598455177188_1658538184216534","HashimThaciOfficial","2017-10-12 16:07:58","917","930","94","21"
"215598455177188_1658622384208114","HashimThaciOfficial","2017-10-12 17:14:49","470","510","40","13"
"215598455177188_1659870837416602","HashimThaciOfficial","2017-10-13 17:36:54","691","693","25","5"
"215598455177188_1663607507042935","HashimThaciOfficial","2017-10-16 19:53:23","1129","1132","12","7"
"215598455177188_1666778490059170","HashimThaciOfficial","2017-10-19 13:24:26","1257","1266","13","10"
"215598455177188_1667055176698168","HashimThaciOfficial","2017-10-19 18:23:57","17889","18035","554","43"
"215598455177188_1667126956690990","HashimThaciOfficial","2017-10-19 19:42:28","757","762","12","4"
"215598455177188_1667975956606090","HashimThaciOfficial","2017-10-20 14:25:25","612","618","8","4"
"215598455177188_1668103993259953","HashimThaciOfficial","2017-10-20 16:44:41","988","994","24","10"
"215598455177188_1670197283050624","HashimThaciOfficial","2017-10-22 11:21:02","5869","5920","79","23"
"215598455177188_1670806216323064","HashimThaciOfficial","2017-10-22 21:36:03","1250","1255","17","5"
"215598455177188_1672820742788278","HashimThaciOfficial","2017-10-24 12:10:45","1225","1231","16","6"
"215598455177188_1673044322765920","HashimThaciOfficial","2017-10-24 15:31:29","1436","1441","38","11"
"215598455177188_1674426885960997","HashimThaciOfficial","2017-10-25 16:33:29","1466","1470","19","8"
"215598455177188_1675439232526429","HashimThaciOfficial","2017-10-26 12:36:03","975","978","13","5"
"215598455177188_1675525562517796","HashimThaciOfficial","2017-10-26 14:11:51","1237","1256","47","8"
"215598455177188_1677132515690434","HashimThaciOfficial","2017-10-27 18:45:22","981","989","24","9"
"215598455177188_1680633102007042","HashimThaciOfficial","2017-10-30 12:08:44","1029","1037","12","5"
"215598455177188_1683047161765636","HashimThaciOfficial","2017-11-01 11:11:02","785","824","327","31"
"215598455177188_1683250355078650","HashimThaciOfficial","2017-11-01 14:22:22","1319","1324","22","7"
"215598455177188_1683385785065107","HashimThaciOfficial","2017-11-01 16:23:38","996","1004","36","4"
"215598455177188_1684683938268625","HashimThaciOfficial","2017-11-02 18:08:34","979","987","36","8"
"215598455177188_1689282761142076","HashimThaciOfficial","2017-11-06 10:01:07","674","686","41","10"
"215598455177188_1689416961128656","HashimThaciOfficial","2017-11-06 12:41:41","279","282","7","1"
"220997878400104_281389442360947","albini2017","2017-10-02 12:42:25","1047","1099","14","24"
"220997878400104_281529119013646","albini2017","2017-10-02 20:48:47","1080","1136","9","28"
"220997878400104_281695355663689","albini2017","2017-10-03 09:37:01","1460","1511","60","138"
"220997878400104_282495975583627","albini2017","2017-10-05 14:56:17","619","635","9","33"
"220997878400104_282515795581645","albini2017","2017-10-05 15:33:13","670","684","5","16"
"220997878400104_282794165553808","albini2017","2017-10-06 12:59:11","1131","1196","31","79"
"220997878400104_283172145516010","albini2017","2017-10-07 12:05:17","1739","1814","46","64"
"220997878400104_283250938841464","albini2017","2017-10-07 17:00:02","1022","1057","20","44"
"220997878400104_283556098810948","albini2017","2017-10-08 10:03:12","810","830","16","33"
"220997878400104_283744272125464","albini2017","2017-10-08 20:19:28","1539","1626","55","148"
"220997878400104_284341492065742","albini2017","2017-10-10 14:23:13","1774","1865","41","76"
"220997878400104_284413078725250","albini2017","2017-10-10 17:03:21","793","827","17","34"
"220997878400104_284448792055012","albini2017","2017-10-10 21:00:00","925","971","38","46"
"220997878400104_284662358700322","albini2017","2017-10-11 11:00:02","979","1030","30","35"
"220997878400104_285032158663342","albini2017","2017-10-12 12:41:16","528","553","11","29"
"220997878400104_285083418658216","albini2017","2017-10-12 16:07:14","7124","7415","224","329"
"220997878400104_285392195294005","albini2017","2017-10-13 12:53:37","713","739","20","35"
"220997878400104_285493748617183","albini2017","2017-10-13 19:56:47","3856","4049","313","575"
"220997878400104_285513231948568","albini2017","2017-10-13 18:58:07","681","705","3","14"
"220997878400104_285757481924143","albini2017","2017-10-14 12:00:01","702","721","4","11"
"220997878400104_286376961862195","albini2017","2017-10-15 23:10:33","1449","1506","34","87"
"220997878400104_286617981838093","albini2017","2017-10-16 15:19:46","497","516","3","12"
"220997878400104_286889908477567","albini2017","2017-10-17 09:30:01","1044","1089","23","28"
"220997878400104_286908051809086","albini2017","2017-10-17 10:39:43","676","705","17","24"
"220997878400104_287320811767810","albini2017","2017-10-18 13:48:43","578","612","16","13"
"220997878400104_287377165095508","albini2017","2017-10-18 16:42:38","1251","1309","19","26"
"220997878400104_287675278399030","albini2017","2017-10-19 12:44:33","1134","1186","35","78"
"220997878400104_287675771732314","albini2017","2017-10-19 14:30:01","750","788","14","38"
"220997878400104_287854398381118","albini2017","2017-10-19 22:58:11","535","561","10","28"
"220997878400104_288022418364316","albini2017","2017-10-20 12:38:04","427","445","13","5"
"220997878400104_288027438363814","albini2017","2017-10-20 13:40:00","585","621","12","12"
"220997878400104_288045408362017","albini2017","2017-10-20 15:20:02","463","496","13","14"
"220997878400104_288083475024877","albini2017","2017-10-20 16:04:49","1532","1601","56","78"
"220997878400104_288101351689756","albini2017","2017-10-20 17:39:02","960","1009","39","29"
"220997878400104_288201768346381","albini2017","2017-10-20 23:23:51","2129","2301","104","284"
"220997878400104_288576058308952","albini2017","2017-10-22 02:19:52","518","550","13","41"
"220997878400104_288761734957051","albini2017","2017-10-22 09:48:38","3583","3764","123","95"
"220997878400104_289332431566648","albini2017","2017-10-23 22:10:38","2907","3061","224","147"
"220997878400104_289954681504423","albini2017","2017-10-25 19:20:08","1108","1145","52","115"
"220997878400104_294011164432108","albini2017","2017-11-05 18:48:04","617","645","8","47"
"220997878400104_294045567762001","albini2017","2017-11-05 21:12:49","751","818","22","132"
"307617160152_10159357004435153","behgjeti","2017-10-02 11:21:03","398","427","18","2"
"307617160152_10159357428465153","behgjeti","2017-10-02 14:11:07","516","520","4","9"
"307617160152_10159358573120153","behgjeti","2017-10-02 19:53:02","369","385","14","5"
"307617160152_10159359531270153","behgjeti","2017-10-03 00:48:02","561","564","6","0"
"307617160152_10159360964055153","behgjeti","2017-10-03 11:18:50","381","381","7","12"
"307617160152_10159362074930153","behgjeti","2017-10-03 18:27:51","380","386","3","0"
"307617160152_10159363298385153","behgjeti","2017-10-04 00:18:21","511","515","10","28"
"307617160152_10159369799620153","behgjeti","2017-10-05 17:34:20","776","791","20","27"
"307617160152_10159374276715153","behgjeti","2017-10-06 19:09:03","792","798","21","18"
"307617160152_10159374734440153","behgjeti","2017-10-06 20:38:36","704","711","14","4"
"307617160152_10159391406970153","behgjeti","2017-10-10 21:05:42","470","478","2","6"
"307617160152_10159393713160153","behgjeti","2017-10-11 12:32:40","731","738","26","12"
"307617160152_10159393933665153","behgjeti","2017-10-11 14:20:01","546","554","27","15"
"307617160152_10159394334915153","behgjeti","2017-10-11 16:41:50","666","669","5","15"
"307617160152_10159395070130153","behgjeti","2017-10-11 20:04:47","592","596","21","0"
"307617160152_10159402307665153","behgjeti","2017-10-13 16:53:07","1214","1219","22","20"
"307617160152_10159406903760153","behgjeti","2017-10-14 19:35:09","2132","2153","43","30"
"307617160152_10159414880360153","behgjeti","2017-10-16 19:45:01","578","585","7","33"
"307617160152_10159417411865153","behgjeti","2017-10-17 12:42:28","856","866","25","93"
"307617160152_10159418745560153","behgjeti","2017-10-17 20:19:43","8545","8896","837","1297"
"307617160152_10159426098245153","behgjeti","2017-10-19 14:35:00","6078","6119","136","72"
"307617160152_10159426279190153","behgjeti","2017-10-19 15:14:06","634","640","5","10"
"307617160152_10159426871790153","behgjeti","2017-10-19 18:38:02","428","433","9","8"
"307617160152_10159430601025153","behgjeti","2017-10-20 15:24:35","2408","2471","199","135"
"307617160152_10159430616620153","behgjeti","2017-10-20 14:45:37","583","586","12","0"
"307617160152_10159434732990153","behgjeti","2017-10-21 12:37:46","2345","2429","198","37"
"307617160152_10159439053975153","behgjeti","2017-10-22 11:53:54","947","957","36","20"
"307617160152_10159443436610153","behgjeti","2017-10-23 14:27:19","1256","1263","28","15"
"307617160152_10159451640070153","behgjeti","2017-10-25 15:21:23","1044","1052","17","11"
"307617160152_10159452595915153","behgjeti","2017-10-25 19:39:22","685","693","8","10"
"307617160152_10159455444620153","behgjeti","2017-10-26 14:00:00","1663","1713","142","47"
"307617160152_10159456402565153","behgjeti","2017-10-26 19:20:06","2891","2942","63","101"
"307617160152_10159459301700153","behgjeti","2017-10-27 14:05:07","1059","1076","32","36"
"307617160152_10159461152265153","behgjeti","2017-10-27 23:41:50","924","940","27","15"
"307617160152_10159463823245153","behgjeti","2017-10-28 15:11:30","722","726","11","11"
"307617160152_10159476576625153","behgjeti","2017-10-31 11:15:38","622","630","23","24"
"307617160152_10159479162610153","behgjeti","2017-10-31 23:14:52","414","439","3","2"
"307617160152_10159482989785153","behgjeti","2017-11-01 20:01:11","771","783","12","14"
"307617160152_10159483622340153","behgjeti","2017-11-01 23:37:31","476","479","8","13"
"307617160152_10159483743840153","behgjeti","2017-11-02 00:09:24","419","423","10","10"
"307617160152_10159485236450153","behgjeti","2017-11-02 10:32:49","433","438","6","8"
"307617160152_10159485425385153","behgjeti","2017-11-02 11:46:47","310","313","23","5"
"46500444097_10155667336714098","fatmirlimaj","2017-10-02 18:14:39","395","408","46","32"
"46500444097_10155668045904098","fatmirlimaj","2017-10-02 22:20:31","438","439","7","19"
"46500444097_10155670095159098","fatmirlimaj","2017-10-03 18:06:15","831","843","29","141"
"46500444097_10155670114789098","fatmirlimaj","2017-10-03 18:23:33","362","377","27","14"
"46500444097_10155670336064098","fatmirlimaj","2017-10-03 19:44:58","163","164","0","9"
"46500444097_10155670559339098","fatmirlimaj","2017-10-03 21:05:39","442","442","9","14"
"46500444097_10155671859744098","fatmirlimaj","2017-10-04 12:05:47","542","543","1","15"
"46500444097_10155671868534098","fatmirlimaj","2017-10-04 12:09:32","254","254","5","3"
"46500444097_10155672319924098","fatmirlimaj","2017-10-04 16:22:50","440","440","0","16"
"46500444097_10155675037359098","fatmirlimaj","2017-10-05 18:11:05","540","541","10","14"
"46500444097_10155675534514098","fatmirlimaj","2017-10-05 21:37:47","851","854","7","24"
"46500444097_10155677150484098","fatmirlimaj","2017-10-06 13:53:32","800","801","11","37"
"46500444097_10155677728759098","fatmirlimaj","2017-10-06 19:33:14","440","456","96","29"
"46500444097_10155678594404098","fatmirlimaj","2017-10-06 22:39:59","521","521","2","8"
"46500444097_10155678600084098","fatmirlimaj","2017-10-06 22:42:58","398","399","0","10"
"46500444097_10155678684774098","fatmirlimaj","2017-10-06 23:13:58","450","451","5","10"
"46500444097_10155680192824098","fatmirlimaj","2017-10-07 14:08:16","492","492","9","6"
"46500444097_10155681110204098","fatmirlimaj","2017-10-07 21:28:06","402","415","103","39"
"46500444097_10155681177559098","fatmirlimaj","2017-10-07 21:11:13","555","555","5","15"
"46500444097_10155683176944098","fatmirlimaj","2017-10-08 14:40:21","668","670","5","10"
"46500444097_10155683254669098","fatmirlimaj","2017-10-08 15:25:04","731","732","7","12"
"46500444097_10155683634839098","fatmirlimaj","2017-10-08 18:35:49","289","291","2","8"
"46500444097_10155683706264098","fatmirlimaj","2017-10-08 19:08:38","739","739","5","9"
"46500444097_10155683782459098","fatmirlimaj","2017-10-08 21:19:24","348","358","58","18"
"46500444097_10155684301709098","fatmirlimaj","2017-10-08 22:52:56","787","788","9","21"
"46500444097_10155686028494098","fatmirlimaj","2017-10-09 16:37:40","272","272","7","7"
"46500444097_10155686590894098","fatmirlimaj","2017-10-09 20:59:33","227","227","1","4"
"46500444097_10155689237599098","fatmirlimaj","2017-10-10 21:15:24","874","874","3","20"
"46500444097_10155689267904098","fatmirlimaj","2017-10-10 21:34:27","640","640","0","9"
"46500444097_10155689418499098","fatmirlimaj","2017-10-10 22:49:17","299","299","2","17"
"46500444097_10155691143279098","fatmirlimaj","2017-10-11 16:04:01","435","436","3","21"
"46500444097_10155691408619098","fatmirlimaj","2017-10-11 18:40:53","377","377","8","39"
"46500444097_10155691608969098","fatmirlimaj","2017-10-11 20:20:53","205","206","1","16"
"46500444097_10155691869209098","fatmirlimaj","2017-10-11 21:41:02","289","307","89","33"
"46500444097_10155692024694098","fatmirlimaj","2017-10-11 23:01:53","275","276","0","22"
"46500444097_10155693414174098","fatmirlimaj","2017-10-12 15:02:51","369","370","3","15"
"46500444097_10155694184334098","fatmirlimaj","2017-10-12 20:18:50","557","590","126","25"
"46500444097_10155694762454098","fatmirlimaj","2017-10-12 23:30:50","475","476","2","20"
"46500444097_10155697025054098","fatmirlimaj","2017-10-13 20:32:53","340","363","88","22"
"46500444097_10155697460284098","fatmirlimaj","2017-10-13 23:06:14","350","350","0","9"
"46500444097_10155698715554098","fatmirlimaj","2017-10-14 13:00:50","230","231","0","9"
"46500444097_10155698763684098","fatmirlimaj","2017-10-14 14:15:51","515","522","53","34"
"46500444097_10155699618914098","fatmirlimaj","2017-10-14 20:42:39","1019","1021","4","10"
"46500444097_10155701536924098","fatmirlimaj","2017-10-15 17:28:50","717","757","224","58"
"46500444097_10155701913434098","fatmirlimaj","2017-10-15 20:33:35","324","335","50","8"
"46500444097_10155702115319098","fatmirlimaj","2017-10-15 20:28:23","856","862","8","47"
"46500444097_10155703476354098","fatmirlimaj","2017-10-16 10:42:48","322","322","2","4"
"46500444097_10155704607434098","fatmirlimaj","2017-10-16 20:13:41","384","400","61","10"
"46500444097_10155704618444098","fatmirlimaj","2017-10-16 20:00:37","538","542","13","14"
"46500444097_10155704826124098","fatmirlimaj","2017-10-16 21:03:34","259","268","33","22"
"46500444097_10155705256849098","fatmirlimaj","2017-10-16 23:33:10","212","212","0","6"
"46500444097_10155706963929098","fatmirlimaj","2017-10-17 12:48:31","412","413","4","17"
"46500444097_10155708663449098","fatmirlimaj","2017-10-17 22:58:16","338","339","4","9"
"46500444097_10155710026439098","fatmirlimaj","2017-10-18 10:44:34","271","272","3","13"
"46500444097_10155710134939098","fatmirlimaj","2017-10-18 12:06:15","279","279","0","7"
"46500444097_10155710746884098","fatmirlimaj","2017-10-18 15:14:08","739","741","13","37"
"46500444097_10155711025839098","fatmirlimaj","2017-10-18 17:11:13","200","206","13","9"
"46500444097_10155711192869098","fatmirlimaj","2017-10-18 18:16:26","457","483","72","25"
"46500444097_10155711324194098","fatmirlimaj","2017-10-18 19:04:29","630","632","9","67"
"46500444097_10155711491089098","fatmirlimaj","2017-10-18 20:00:23","386","395","61","27"
"46500444097_10155711688334098","fatmirlimaj","2017-10-18 20:43:03","240","242","21","10"
"46500444097_10155713232764098","fatmirlimaj","2017-10-19 10:22:00","439","440","2","12"
"46500444097_10155713349959098","fatmirlimaj","2017-10-19 11:54:56","545","547","5","8"
"46500444097_10155713524714098","fatmirlimaj","2017-10-19 12:43:30","472","472","5","16"
"46500444097_10155713901894098","fatmirlimaj","2017-10-19 15:33:49","1557","1566","28","48"
"46500444097_10155714007239098","fatmirlimaj","2017-10-19 17:40:43","587","624","179","109"
"46500444097_10155714952914098","fatmirlimaj","2017-10-19 21:57:34","585","586","6","34"
"46500444097_10155715078429098","fatmirlimaj","2017-10-19 22:50:34","749","753","22","15"
"46500444097_10155716396169098","fatmirlimaj","2017-10-20 11:48:46","276","277","3","7"
"46500444097_10155716399614098","fatmirlimaj","2017-10-20 11:51:39","238","240","3","2"
"46500444097_10155716443609098","fatmirlimaj","2017-10-20 12:05:15","285","286","7","8"
"46500444097_10155716957464098","fatmirlimaj","2017-10-20 16:51:37","337","347","35","14"
"46500444097_10155717400744098","fatmirlimaj","2017-10-20 19:22:04","797","804","24","93"
"46500444097_10155717728614098","fatmirlimaj","2017-10-20 21:15:20","417","418","2","10"
"46500444097_10155718000574098","fatmirlimaj","2017-10-20 23:16:13","671","673","8","22"
"46500444097_10155722088784098","fatmirlimaj","2017-10-22 12:25:48","690","692","6","19"
"46500444097_10155722389444098","fatmirlimaj","2017-10-22 15:10:30","219","225","41","4"
"46500444097_10155725086704098","fatmirlimaj","2017-10-23 15:04:21","333","349","47","10"
"46500444097_10155725196854098","fatmirlimaj","2017-10-23 15:59:35","503","507","15","31"
"46500444097_10155727682954098","fatmirlimaj","2017-10-24 15:07:48","353","354","3","14"
"46500444097_10155735945609098","fatmirlimaj","2017-10-27 18:15:57","499","500","3","41"
"46500444097_10155738145924098","fatmirlimaj","2017-10-28 15:37:11","343","344","3","31"
"46500444097_10155745950809098","fatmirlimaj","2017-10-31 13:21:56","396","397","0","43"
"46500444097_10155747172889098","fatmirlimaj","2017-10-31 21:15:39","111","111","4","0"
"46500444097_10155748630959098","fatmirlimaj","2017-11-01 11:31:06","188","195","0","7"
"46500444097_10155756848254098","fatmirlimaj","2017-11-04 15:41:19","293","293","0","32"
"538814499513242_1670790369648977","avdullah.hoti","2017-10-02 13:05:20","64","64","1","0"
"538814499513242_1671033429624671","avdullah.hoti","2017-10-02 18:39:34","106","107","0","3"
"538814499513242_1671071572954190","avdullah.hoti","2017-10-02 19:30:38","88","88","0","2"
"538814499513242_1671073832953964","avdullah.hoti","2017-10-03 10:00:50","102","102","0","14"
"538814499513242_1671075746287106","avdullah.hoti","2017-10-02 19:36:52","272","273","1","1"
"538814499513242_1671095812951766","avdullah.hoti","2017-10-02 20:06:34","433","433","4","2"
"538814499513242_1671714402889907","avdullah.hoti","2017-10-03 13:18:14","289","290","1","0"
"538814499513242_1671789479549066","avdullah.hoti","2017-10-03 14:47:50","99","99","2","1"
"538814499513242_1671854942875853","avdullah.hoti","2017-10-03 16:24:17","110","111","0","0"
"538814499513242_1671960632865284","avdullah.hoti","2017-10-03 18:54:49","152","153","6","5"
"538814499513242_1671996582861689","avdullah.hoti","2017-10-03 19:51:18","148","148","2","2"
"538814499513242_1672097576184923","avdullah.hoti","2017-10-03 22:37:35","473","474","18","6"
"538814499513242_1672105459517468","avdullah.hoti","2017-10-03 22:49:55","227","228","3","0"
"538814499513242_1672972069430807","avdullah.hoti","2017-10-04 20:14:29","577","578","4","31"
"538814499513242_1672993949428619","avdullah.hoti","2017-10-04 20:47:10","514","516","6","10"
"538814499513242_1672996409428373","avdullah.hoti","2017-10-04 20:50:42","263","264","0","7"
"538814499513242_1673002722761075","avdullah.hoti","2017-10-04 20:59:48","447","449","1","0"
"538814499513242_1673052739422740","avdullah.hoti","2017-10-04 22:12:48","856","859","11","1"
"538814499513242_1673787092682638","avdullah.hoti","2017-10-05 18:26:41","146","146","0","2"
"538814499513242_1673894256005255","avdullah.hoti","2017-10-05 20:51:53","159","159","0","4"
"538814499513242_1673899122671435","avdullah.hoti","2017-10-05 20:58:33","306","306","1","5"
"538814499513242_1673905189337495","avdullah.hoti","2017-10-05 21:07:14","322","322","0","1"
"538814499513242_1673914899336524","avdullah.hoti","2017-10-05 21:17:31","424","425","0","8"
"538814499513242_1674588312602516","avdullah.hoti","2017-10-06 15:40:58","164","165","0","2"
"538814499513242_1674631745931506","avdullah.hoti","2017-10-06 16:45:15","175","176","0","7"
"538814499513242_1674676425927038","avdullah.hoti","2017-10-06 17:30:59","192","193","1","10"
"538814499513242_1674792642582083","avdullah.hoti","2017-10-06 19:52:07","122","123","0","1"
"538814499513242_1674806632580684","avdullah.hoti","2017-10-06 20:08:32","124","125","4","0"
"538814499513242_1675266865867994","avdullah.hoti","2017-10-07 09:01:33","95","96","0","4"
"538814499513242_1675504099177604","avdullah.hoti","2017-10-07 15:02:47","253","254","0","1"
"538814499513242_1675532049174809","avdullah.hoti","2017-10-07 15:40:55","355","363","30","6"
"538814499513242_1675666865827994","avdullah.hoti","2017-10-07 18:34:01","150","150","1","0"
"538814499513242_1675675075827173","avdullah.hoti","2017-10-07 18:41:01","191","192","1","0"
"538814499513242_1675701879157826","avdullah.hoti","2017-10-07 19:17:40","318","319","1","12"
"538814499513242_1675869425807738","avdullah.hoti","2017-10-07 23:31:02","210","212","0","1"
"538814499513242_1675873725807308","avdullah.hoti","2017-10-07 23:38:00","79","80","0","0"
"538814499513242_1675899349138079","avdullah.hoti","2017-10-08 00:20:23","182","183","2","1"
"538814499513242_1675905279137486","avdullah.hoti","2017-10-08 00:29:24","531","533","5","5"
"538814499513242_1676258849102129","avdullah.hoti","2017-10-08 10:15:25","241","243","2","7"
"538814499513242_1676260202435327","avdullah.hoti","2017-10-08 10:16:36","209","210","1","4"
"538814499513242_1676266852434662","avdullah.hoti","2017-10-08 10:20:11","353","354","8","6"
"538814499513242_1676272112434136","avdullah.hoti","2017-10-08 10:30:35","93","94","0","0"
"538814499513242_1676495865745094","avdullah.hoti","2017-10-08 16:06:30","157","158","0","2"
"538814499513242_1676502339077780","avdullah.hoti","2017-10-08 16:15:49","183","184","3","2"
"538814499513242_1676871072374240","avdullah.hoti","2017-10-09 09:00:53","180","181","0","1"
"538814499513242_1676874422373905","avdullah.hoti","2017-10-09 10:00:22","203","204","2","4"
"538814499513242_1676879985706682","avdullah.hoti","2017-10-09 09:30:35","189","190","0","0"
"538814499513242_1676883519039662","avdullah.hoti","2017-10-09 00:48:36","170","171","1","2"
"538814499513242_1676885612372786","avdullah.hoti","2017-10-09 09:10:39","67","68","0","1"
"538814499513242_1677760485618632","avdullah.hoti","2017-10-09 22:06:33","459","461","7","5"
"538814499513242_1677776518950362","avdullah.hoti","2017-10-09 22:26:28","59","60","0","0"
"538814499513242_1678169942244353","avdullah.hoti","2017-10-10 08:16:48","182","183","0","4"
"538814499513242_1678170975577583","avdullah.hoti","2017-10-10 08:19:48","144","145","2","1"
"538814499513242_1678236595571021","avdullah.hoti","2017-10-10 10:23:37","63","64","0","0"
"538814499513242_1678356425559038","avdullah.hoti","2017-10-10 13:43:48","55","56","0","0"
"538814499513242_1678440265550654","avdullah.hoti","2017-10-10 15:21:07","171","172","0","0"
"538814499513242_1678509545543726","avdullah.hoti","2017-10-10 16:42:19","162","163","3","21"
"538814499513242_1678635905531090","avdullah.hoti","2017-10-10 19:13:08","195","196","3","5"
"538814499513242_1678642605530420","avdullah.hoti","2017-10-10 19:22:19","177","178","2","1"
"538814499513242_1678647972196550","avdullah.hoti","2017-10-10 19:29:22","44","45","0","0"
"538814499513242_1678649368863077","avdullah.hoti","2017-10-10 19:31:13","33","34","0","0"
"538814499513242_1678655005529180","avdullah.hoti","2017-10-10 19:39:02","265","266","1","2"
"538814499513242_1678673885527292","avdullah.hoti","2017-10-10 20:06:25","123","124","6","4"
"538814499513242_1678807448847269","avdullah.hoti","2017-10-10 22:59:03","60","61","0","0"
"538814499513242_1678819515512729","avdullah.hoti","2017-10-10 23:17:06","113","113","0","0"
"538814499513242_1678837455510935","avdullah.hoti","2017-10-11 11:00:04","144","146","5","3"
"538814499513242_1678851952176152","avdullah.hoti","2017-10-11 09:00:51","128","129","3","6"
"538814499513242_1679397565454924","avdullah.hoti","2017-10-11 15:08:16","227","229","2","14"
"538814499513242_1679619778766036","avdullah.hoti","2017-10-11 20:06:18","153","154","0","2"
"538814499513242_1679722375422443","avdullah.hoti","2017-10-11 22:36:06","248","249","1","3"
"538814499513242_1679725672088780","avdullah.hoti","2017-10-11 22:40:28","388","389","11","8"
"538814499513242_1679730538754960","avdullah.hoti","2017-10-11 22:48:05","146","147","1","2"
"538814499513242_1679747685419912","avdullah.hoti","2017-10-11 23:20:01","28","29","0","0"
"538814499513242_1679748292086518","avdullah.hoti","2017-10-11 23:20:58","32","33","0","0"
"538814499513242_1679780038750010","avdullah.hoti","2017-10-12 11:00:10","35","36","0","5"
"538814499513242_1679782745416406","avdullah.hoti","2017-10-12 08:00:48","72","73","0","1"
"538814499513242_1680346872026660","avdullah.hoti","2017-10-12 15:56:19","199","200","0","0"
"538814499513242_1680347535359927","avdullah.hoti","2017-10-12 15:57:29","9","9","0","0"
"538814499513242_1680539465340734","avdullah.hoti","2017-10-12 19:51:30","425","427","2","5"
"538814499513242_1681075435287137","avdullah.hoti","2017-10-13 10:52:49","100","101","1","5"
"538814499513242_1681265165268164","avdullah.hoti","2017-10-13 14:57:21","156","157","0","0"
"538814499513242_1681301415264539","avdullah.hoti","2017-10-13 15:38:18","929","936","25","11"
"538814499513242_1681435908584423","avdullah.hoti","2017-10-13 18:07:18","344","345","1","0"
"538814499513242_1681445325250148","avdullah.hoti","2017-10-13 18:16:57","331","332","0","1"
"538814499513242_1681487195245961","avdullah.hoti","2017-10-13 19:11:42","137","138","0","2"
"538814499513242_1681509568577057","avdullah.hoti","2017-10-13 19:43:45","105","106","2","0"
"538814499513242_1681583131903034","avdullah.hoti","2017-10-13 21:27:04","392","395","4","1"
"538814499513242_1681594458568568","avdullah.hoti","2017-10-13 21:42:44","190","192","0","8"
"538814499513242_1681676921893655","avdullah.hoti","2017-10-14 10:00:53","70","71","0","0"
"538814499513242_1682018101859537","avdullah.hoti","2017-10-14 09:01:33","136","137","0","0"
"538814499513242_1682429318485082","avdullah.hoti","2017-10-14 18:45:07","376","378","6","2"
"538814499513242_1682548865139794","avdullah.hoti","2017-10-14 21:39:23","375","376","2","13"
"538814499513242_1682557615138919","avdullah.hoti","2017-10-14 21:53:04","419","421","3","15"
"538814499513242_1682632601798087","avdullah.hoti","2017-10-15 11:00:41","125","126","0","0"
"538814499513242_1683024361758911","avdullah.hoti","2017-10-15 12:04:01","4","5","0","0"
"538814499513242_1683152778412736","avdullah.hoti","2017-10-15 14:19:33","79","80","0","0"
"538814499513242_1683295811731766","avdullah.hoti","2017-10-15 17:41:34","236","238","0","10"
"538814499513242_1683395301721817","avdullah.hoti","2017-10-15 19:52:07","198","199","0","0"
"538814499513242_1683396878388326","avdullah.hoti","2017-10-15 19:54:00","717","721","15","14"
"538814499513242_1683422688385745","avdullah.hoti","2017-10-15 20:29:32","126","127","0","5"
"538814499513242_1683441601717187","avdullah.hoti","2017-10-15 20:56:01","138","139","0","1"
"538814499513242_1683527508375263","avdullah.hoti","2017-10-15 22:43:53","318","319","2","3"
"538814499513242_1683556305039050","avdullah.hoti","2017-10-15 23:35:57","176","177","0","3"
"538814499513242_1683567651704582","avdullah.hoti","2017-10-15 23:56:20","48","49","0","0"
"538814499513242_1684037748324239","avdullah.hoti","2017-10-16 13:29:20","40","41","0","0"
"538814499513242_1684039121657435","avdullah.hoti","2017-10-16 13:31:41","699","701","4","5"
"538814499513242_1684045171656830","avdullah.hoti","2017-10-16 13:40:39","568","569","0","2"
"538814499513242_1684199671641380","avdullah.hoti","2017-10-16 17:00:19","188","190","2","1"
"538814499513242_1684233968304617","avdullah.hoti","2017-10-16 17:48:57","167","169","1","4"
"538814499513242_1684285144966166","avdullah.hoti","2017-10-16 19:04:53","58","59","0","6"
"538814499513242_1684288388299175","avdullah.hoti","2017-10-16 19:09:54","842","848","11","34"
"538814499513242_1684289081632439","avdullah.hoti","2017-10-16 19:11:16","151","152","0","3"
"538814499513242_1684311534963527","avdullah.hoti","2017-10-16 19:40:04","158","159","1","0"
"538814499513242_1684338951627452","avdullah.hoti","2017-10-16 20:19:45","99","100","1","0"
"538814499513242_1684340248293989","avdullah.hoti","2017-10-16 20:21:33","75","76","0","0"
"538814499513242_1684394251621922","avdullah.hoti","2017-10-16 21:38:36","319","321","5","1"
"538814499513242_1685082694886411","avdullah.hoti","2017-10-17 16:57:31","45","46","0","0"
"538814499513242_1685195834875097","avdullah.hoti","2017-10-17 19:37:35","477","479","2","12"
"538814499513242_1685198678208146","avdullah.hoti","2017-10-17 19:41:21","908","912","13","9"
"538814499513242_1685215554873125","avdullah.hoti","2017-10-17 20:02:40","198","199","1","6"
"538814499513242_1685227191538628","avdullah.hoti","2017-10-17 20:18:37","550","551","7","11"
"538814499513242_1685251921536155","avdullah.hoti","2017-10-17 20:53:55","574","576","2","7"
"538814499513242_1685281158199898","avdullah.hoti","2017-10-17 21:39:07","196","197","0","5"
"538814499513242_1685326161528731","avdullah.hoti","2017-10-17 22:58:10","130","131","0","1"
"538814499513242_1685733281488019","avdullah.hoti","2017-10-18 10:47:33","104","105","2","0"
"538814499513242_1685808068147207","avdullah.hoti","2017-10-18 13:02:53","333","334","7","0"
"538814499513242_1685926768135337","avdullah.hoti","2017-10-18 15:58:30","697","699","7","7"
"538814499513242_1685975298130484","avdullah.hoti","2017-10-18 16:58:40","1044","1046","9","5"
"538814499513242_1686006818127332","avdullah.hoti","2017-10-18 17:38:25","471","475","1","0"
"538814499513242_1686023014792379","avdullah.hoti","2017-10-18 18:02:25","67","68","1","0"
"538814499513242_1686032294791451","avdullah.hoti","2017-10-18 18:15:17","305","306","0","0"
"538814499513242_1686171671444180","avdullah.hoti","2017-10-18 21:03:05","203","204","0","5"
"538814499513242_1686302554764425","avdullah.hoti","2017-10-19 08:00:55","126","127","0","14"
"538814499513242_1686335178094496","avdullah.hoti","2017-10-19 09:00:27","117","118","0","2"
"538814499513242_1686337261427621","avdullah.hoti","2017-10-19 11:00:31","124","125","0","12"
"538814499513242_1686848318043182","avdullah.hoti","2017-10-19 16:03:43","97","98","0","0"
"538814499513242_1686854308042583","avdullah.hoti","2017-10-19 16:12:23","235","236","1","2"
"538814499513242_1686864044708276","avdullah.hoti","2017-10-19 16:25:24","98","100","1","13"
"538814499513242_1686898098038204","avdullah.hoti","2017-10-19 20:00:06","82","83","0","10"
"538814499513242_1686913004703380","avdullah.hoti","2017-10-19 17:18:49","999","1005","8","6"
"538814499513242_1686913628036651","avdullah.hoti","2017-10-19 17:19:52","2067","2288","775","387"
"538814499513242_1687069234687757","avdullah.hoti","2017-10-19 20:35:54","71","72","1","2"
"538814499513242_1687125244682156","avdullah.hoti","2017-10-19 21:52:33","353","354","5","16"
"538814499513242_1687197924674888","avdullah.hoti","2017-10-19 23:40:54","138","139","0","3"
"538814499513242_1687234318004582","avdullah.hoti","2017-10-20 00:37:20","722","725","7","13"
"538814499513242_1687237721337575","avdullah.hoti","2017-10-20 00:44:19","301","302","3","9"
"538814499513242_1687242421337105","avdullah.hoti","2017-10-20 00:51:21","159","160","2","0"
"538814499513242_1687243688003645","avdullah.hoti","2017-10-20 00:53:19","207","208","1","1"
"538814499513242_1687819944612686","avdullah.hoti","2017-10-20 13:15:56","571","577","7","8"
"538814499513242_1688096377918376","avdullah.hoti","2017-10-20 19:01:46","590","596","22","7"
"538814499513242_1688140037914010","avdullah.hoti","2017-10-20 20:05:48","118","119","0","2"
"538814499513242_1688142521247095","avdullah.hoti","2017-10-20 20:08:34","317","319","3","2"
"538814499513242_1688145057913508","avdullah.hoti","2017-10-20 20:12:02","190","194","12","18"
"538814499513242_1688166874577993","avdullah.hoti","2017-10-20 20:28:49","626","628","6","7"
"538814499513242_1688268517901162","avdullah.hoti","2017-10-20 22:50:39","398","402","4","4"
"538814499513242_1688272004567480","avdullah.hoti","2017-10-20 22:53:52","515","518","5","6"
"538814499513242_1688286217899392","avdullah.hoti","2017-10-20 23:16:32","291","292","1","8"
"538814499513242_1689063437821670","avdullah.hoti","2017-10-21 21:01:08","687","689","11","3"
"538814499513242_1689974844397196","avdullah.hoti","2017-10-22 20:39:01","2544","2585","205","26"
"538814499513242_1690023994392281","avdullah.hoti","2017-10-22 21:55:13","784","800","13","2"
"538814499513242_1690797180981629","avdullah.hoti","2017-10-23 19:27:27","683","697","15","13"
"538814499513242_1690840197643994","avdullah.hoti","2017-10-23 19:55:06","192","193","2","0"
"538814499513242_1691598037568210","avdullah.hoti","2017-10-24 14:20:03","962","964","13","1"
"538814499513242_1691735317554482","avdullah.hoti","2017-10-24 16:58:23","473","473","8","0"
"538814499513242_1692438264150854","avdullah.hoti","2017-10-25 20:00:36","144","144","0","0"
"538814499513242_1692895324105148","avdullah.hoti","2017-10-25 20:20:41","365","366","1","4"
"538814499513242_1693526617375352","avdullah.hoti","2017-10-26 12:58:00","72","73","0","0"
"538814499513242_1693576040703743","avdullah.hoti","2017-10-26 14:09:56","122","122","0","3"
"538814499513242_1693593604035320","avdullah.hoti","2017-10-26 14:33:32","70","71","0","0"
"538814499513242_1693851517342862","avdullah.hoti","2017-10-26 20:16:17","375","376","2","1"
"538814499513242_1693915840669763","avdullah.hoti","2017-10-26 21:48:48","509","510","7","16"
"538814499513242_1693975810663766","avdullah.hoti","2017-10-26 23:20:37","233","235","1","6"
"538814499513242_1694962963898384","avdullah.hoti","2017-10-27 22:31:43","92","93","2","0"
"538814499513242_1695032653891415","avdullah.hoti","2017-10-28 00:24:04","288","288","2","3"
"538814499513242_1695426743852006","avdullah.hoti","2017-10-28 11:08:05","218","219","2","11"
"538814499513242_1695438703850810","avdullah.hoti","2017-10-28 11:26:51","69","69","1","1"
"538814499513242_1695873653807315","avdullah.hoti","2017-10-28 20:29:27","2850","2861","83","0"
"538814499513242_1697807243613956","avdullah.hoti","2017-10-30 18:47:58","144","144","2","0"
"538814499513242_1698768413517839","avdullah.hoti","2017-10-31 17:30:18","307","308","13","11"
"538814499513242_1698867930174554","avdullah.hoti","2017-10-31 19:39:55","532","532","11","9"
"538814499513242_1698894046838609","avdullah.hoti","2017-10-31 20:14:15","318","320","9","2"
"538814499513242_1698934896834524","avdullah.hoti","2017-10-31 21:19:56","305","308","5","5"
"538814499513242_1698949240166423","avdullah.hoti","2017-10-31 21:42:06","130","130","0","3"
"538814499513242_1699402686787745","avdullah.hoti","2017-11-01 09:48:11","200","204","4","8"
"538814499513242_1699794110081936","avdullah.hoti","2017-11-01 18:29:16","193","193","2","0"
"538814499513242_1699795270081820","avdullah.hoti","2017-11-01 18:30:41","230","231","1","0"
"538814499513242_1699800240081323","avdullah.hoti","2017-11-01 18:37:27","427","429","17","0"
"538814499513242_1700586576669356","avdullah.hoti","2017-11-02 15:32:52","132","134","0","2"
"538814499513242_1701362286591785","avdullah.hoti","2017-11-03 11:33:42","161","161","0","1"
"538814499513242_1701381536589860","avdullah.hoti","2017-11-03 11:56:39","232","232","0","2"
"538814499513242_1701628526565161","avdullah.hoti","2017-11-03 17:28:08","366","366","8","2"
"538814499513242_1701846669876680","avdullah.hoti","2017-11-03 22:08:44","55","55","0","0"
"538814499513242_1702659659795381","avdullah.hoti","2017-11-04 18:45:47","535","535","3","2"
"538814499513242_1702665469794800","avdullah.hoti","2017-11-04 18:53:05","630","633","7","2"
"538814499513242_1702670949794252","avdullah.hoti","2017-11-04 18:58:12","298","298","0","2"
"538814499513242_1702672399794107","avdullah.hoti","2017-11-04 19:00:03","319","319","4","1"
"538814499513242_1702703366457677","avdullah.hoti","2017-11-04 19:45:57","82","82","1","0"
"538814499513242_1703382249723122","avdullah.hoti","2017-11-05 14:19:01","508","510","23","9"
"538814499513242_1703392576388756","avdullah.hoti","2017-11-05 14:31:42","481","487","20","16"
"538814499513242_1703491009712246","avdullah.hoti","2017-11-05 16:26:46","365","374","24","23"
"538814499513242_1703507883043892","avdullah.hoti","2017-11-05 16:51:32","130","130","1","0"
"538814499513242_1704326739628673","avdullah.hoti","2017-11-06 13:07:07","49","49","1","1"
"955736937825877_1464579233608309","IsaMustafaKS","2017-10-02 12:03:53","479","483","16","12"
"955736937825877_1464992576900308","IsaMustafaKS","2017-10-02 22:13:04","688","690","11","3"
"955736937825877_1465808940152005","IsaMustafaKS","2017-10-03 20:57:40","751","773","67","71"
"955736937825877_1465815820151317","IsaMustafaKS","2017-10-03 21:04:02","592","594","20","5"
"955736937825877_1467403563325876","IsaMustafaKS","2017-10-05 16:34:32","547","553","5","7"
"955736937825877_1468129013253331","IsaMustafaKS","2017-10-06 11:33:54","395","401","20","29"
"955736937825877_1468372773228955","IsaMustafaKS","2017-10-06 16:57:55","677","681","11","13"
"955736937825877_1468998949833004","IsaMustafaKS","2017-10-07 08:27:35","453","456","22","4"
"955736937825877_1469121886487377","IsaMustafaKS","2017-10-07 11:54:28","322","325","5","16"
"955736937825877_1469127526486813","IsaMustafaKS","2017-10-07 12:04:08","985","1025","144","41"
"955736937825877_1470004553065777","IsaMustafaKS","2017-10-08 11:19:56","1636","1653","45","15"
"955736937825877_1470387049694194","IsaMustafaKS","2017-10-08 20:36:53","786","791","9","13"
"955736937825877_1471306996268866","IsaMustafaKS","2017-10-09 21:23:43","747","749","11","9"
"955736937825877_1471851642881068","IsaMustafaKS","2017-10-10 14:32:38","255","258","5","2"
"955736937825877_1473052709427628","IsaMustafaKS","2017-10-11 22:16:25","1737","1759","66","173"
"955736937825877_1473413706058195","IsaMustafaKS","2017-10-12 08:23:12","212","214","0","3"
"955736937825877_1473603249372574","IsaMustafaKS","2017-10-12 14:23:23","699","702","18","22"
"955736937825877_1473632526036313","IsaMustafaKS","2017-10-12 14:54:40","749","751","21","22"
"955736937825877_1473870862679146","IsaMustafaKS","2017-10-12 20:38:35","1049","1121","269","23"
"955736937825877_1476558139077085","IsaMustafaKS","2017-10-15 18:45:05","720","722","12","13"
"955736937825877_1476562615743304","IsaMustafaKS","2017-10-15 18:49:04","759","765","15","11"
"955736937825877_1477109832355249","IsaMustafaKS","2017-10-16 11:17:52","319","321","6","6"
"955736937825877_1477253625674203","IsaMustafaKS","2017-10-16 14:40:42","671","679","18","12"
"955736937825877_1478488585550707","IsaMustafaKS","2017-10-17 20:49:59","488","491","6","10"
"955736937825877_1478875538845345","IsaMustafaKS","2017-10-18 08:46:49","458","460","7","15"
"955736937825877_1478915148841384","IsaMustafaKS","2017-10-18 10:02:49","618","620","14","18"
"955736937825877_1479116412154591","IsaMustafaKS","2017-10-18 15:16:08","557","561","18","12"
"955736937825877_1479331102133122","IsaMustafaKS","2017-10-18 19:48:54","2276","2288","28","45"
"955736937825877_1479732785426287","IsaMustafaKS","2017-10-19 07:46:28","578","581","21","23"
"955736937825877_1479789922087240","IsaMustafaKS","2017-10-19 09:52:56","373","377","7","10"
"955736937825877_1479803638752535","IsaMustafaKS","2017-10-19 10:19:39","1353","1361","31","32"
"955736937825877_1480822995317266","IsaMustafaKS","2017-10-20 12:04:41","467","472","6","6"
"955736937825877_1481248651941367","IsaMustafaKS","2017-10-20 22:07:48","1868","1884","49","20"
"955736937825877_1481279085271657","IsaMustafaKS","2017-10-20 22:49:38","1397","1414","16","16"
"955736937825877_1481286201937612","IsaMustafaKS","2017-10-20 23:02:08","422","429","11","1"
"955736937825877_1483046315094934","IsaMustafaKS","2017-10-23 01:09:15","2301","2354","195","48"
"955736937825877_1484200204979545","IsaMustafaKS","2017-10-24 10:29:25","1020","1039","36","10"
"955736937825877_1484252091641023","IsaMustafaKS","2017-10-24 11:47:57","800","823","57","7"
"955736937825877_1487421811324051","IsaMustafaKS","2017-10-27 22:16:09","616","632","18","14"
"955736937825877_1487921401274092","IsaMustafaKS","2017-10-28 12:45:06","486","490","15","4"
"955736937825877_1489767461089486","IsaMustafaKS","2017-10-30 10:17:51","918","941","95","29"
"955736937825877_1490996467633252","IsaMustafaKS","2017-10-31 18:44:07","739","747","30","44"
"955736937825877_1491580320908200","IsaMustafaKS","2017-11-01 12:18:05","421","425","13","10"
"955736937825877_1492682420797990","IsaMustafaKS","2017-11-02 18:26:55","435","442","11","0"
"955736937825877_1492807304118835","IsaMustafaKS","2017-11-02 22:01:54","292","294","7","14"
"955736937825877_1493477547385144","IsaMustafaKS","2017-11-03 15:15:35","349","350","5","8"
"955736937825877_1495145900551642","IsaMustafaKS","2017-11-05 12:45:41","916","935","64","46"
