"postiid","partianame","kohapostimit","nrlike","nrReaction","nrkomenteve","nrshare"
"106927054069_10155616810094070","Ibcmitrovica","2017-09-29 15:05:59","12","12","0","3"
"106927054069_10155629783319070","Ibcmitrovica","2017-10-04 16:36:45","33","33","0","0"
"106927054069_10155632170204070","Ibcmitrovica","2017-10-05 14:51:54","18","18","0","3"
"106927054069_10155632601934070","Ibcmitrovica","2017-10-05 18:03:48","13","13","0","2"
"106927054069_10155642899899070","Ibcmitrovica","2017-10-09 15:30:49","24","24","0","0"
"106927054069_10155645501204070","Ibcmitrovica","2017-10-10 16:11:29","28","30","0","1"
"106927054069_10155652541224070","Ibcmitrovica","2017-10-13 11:08:54","13","13","0","0"
"106927054069_10155652878609070","Ibcmitrovica","2017-10-13 15:14:52","6","6","0","0"
"106927054069_10155684104399070","Ibcmitrovica","2017-10-25 16:23:21","15","15","0","2"
"106927054069_10155686655844070","Ibcmitrovica","2017-10-26 16:17:56","17","17","0","0"
"106927054069_10155699801629070","Ibcmitrovica","2017-10-31 11:06:49","18","18","0","1"
"106927054069_10155700101184070","Ibcmitrovica","2017-10-31 13:59:48","49","52","1","6"
"106927054069_10155705765659070","Ibcmitrovica","2017-11-02 15:53:05","20","21","0","1"
"106927054069_141861093206257","Ibcmitrovica","2017-11-06 12:40:18","1","1","0","0"
"106927054069_683778305157659","Ibcmitrovica","2017-10-03 17:20:26","14","14","0","0"
"106927054069_967216106749580","Ibcmitrovica","2017-10-23 16:10:41","5","5","0","0"
"118541198177388_1649946921703467","kugjilani","2017-09-26 20:44:25","62","62","0","0"
"118541198177388_1651261171572042","kugjilani","2017-09-28 11:11:56","34","34","0","13"
"118541198177388_1671475829550576","kugjilani","2017-10-18 13:53:02","19","19","0","0"
"118541198177388_1679223022109190","kugjilani","2017-10-25 13:35:57","8","8","0","0"
"118541198177388_1680326125332213","kugjilani","2017-10-26 12:19:01","0","0","0","0"
"118541198177388_1680408155324010","kugjilani","2017-10-26 14:03:04","4","4","1","1"
"118541198177388_1685197201511772","kugjilani","2017-10-30 19:18:10","17","17","0","1"
"118541198177388_1685820271449465","kugjilani","2017-10-31 10:43:40","11","11","0","0"
"118541198177388_1685829508115208","kugjilani","2017-10-31 10:58:11","7","7","0","0"
"118541198177388_1687266597971499","kugjilani","2017-11-01 11:48:49","4","4","0","1"
"118541198177388_1689380177760141","kugjilani","2017-11-03 12:34:40","6","6","0","0"
"118541198177388_1690628957635263","kugjilani","2017-11-04 15:18:14","4","4","0","0"
"1533276790264327_1956652061260129","akademia.evolucion","2017-10-03 15:30:08","13","13","4","0"
"1533276790264327_1967984883460180","akademia.evolucion","2017-10-30 18:46:55","42","42","2","2"
"1533276790264327_1967986213460047","akademia.evolucion","2017-10-30 18:52:20","21","21","0","2"
"1533276790264327_1969457766646225","akademia.evolucion","2017-11-03 09:58:55","18","18","0","1"
"1533276790264327_1970743119851023","akademia.evolucion","2017-11-06 13:21:14","7","7","1","0"
"1533276790264327_1970743973184271","akademia.evolucion","2017-11-06 13:24:52","1","1","0","0"
"1533276790264327_1970744323184236","akademia.evolucion","2017-11-06 13:26:27","0","0","0","0"
"153583318026281_1606510099400255","UniversitetiUBT","2017-09-26 10:08:58","77","82","8","10"
"153583318026281_1606548486063083","UniversitetiUBT","2017-09-26 11:39:09","92","92","0","5"
"153583318026281_1606635152721083","UniversitetiUBT","2017-09-26 14:10:46","141","142","23","7"
"153583318026281_1606683842716214","UniversitetiUBT","2017-09-26 15:25:44","665","668","5","14"
"153583318026281_1607299315988000","UniversitetiUBT","2017-09-27 09:19:19","249","250","5","7"
"153583318026281_1607344465983485","UniversitetiUBT","2017-09-27 11:09:58","82","83","5","5"
"153583318026281_1607457592638839","UniversitetiUBT","2017-09-27 14:44:40","55","55","0","0"
"153583318026281_1607519825965949","UniversitetiUBT","2017-09-27 16:18:51","174","174","0","4"
"153583318026281_1608094172575181","UniversitetiUBT","2017-09-28 10:11:39","173","174","14","2"
"153583318026281_1608120925905839","UniversitetiUBT","2017-09-28 11:14:13","539","542","23","0"
"153583318026281_1608258975892034","UniversitetiUBT","2017-09-28 15:10:44","68","68","0","2"
"153583318026281_1608320245885907","UniversitetiUBT","2017-09-28 16:35:27","87","88","7","11"
"153583318026281_1608888549162410","UniversitetiUBT","2017-09-29 09:25:20","712","715","0","4"
"153583318026281_1608946539156611","UniversitetiUBT","2017-09-29 11:21:31","39","39","0","5"
"153583318026281_1609048062479792","UniversitetiUBT","2017-09-29 15:22:08","48","48","0","6"
"153583318026281_1610937878957477","UniversitetiUBT","2017-10-01 14:55:47","47","47","0","5"
"153583318026281_1611615942223004","UniversitetiUBT","2017-10-02 09:44:42","113","113","1","2"
"153583318026281_1611720205545911","UniversitetiUBT","2017-10-02 13:12:19","89","92","1","2"
"153583318026281_1611876835530248","UniversitetiUBT","2017-10-02 16:47:06","332","333","1","12"
"153583318026281_1612519852132613","UniversitetiUBT","2017-10-03 09:12:10","64","64","2","2"
"153583318026281_1612558908795374","UniversitetiUBT","2017-10-03 10:22:52","31","31","2","3"
"153583318026281_1612679452116653","UniversitetiUBT","2017-10-03 13:45:43","73","75","2","2"
"153583318026281_1612762502108348","UniversitetiUBT","2017-10-03 15:47:32","46","46","1","1"
"153583318026281_1612840728767192","UniversitetiUBT","2017-10-03 17:33:24","31","32","1","1"
"153583318026281_1612932605424671","UniversitetiUBT","2017-10-03 19:26:24","86","87","6","4"
"153583318026281_1613409708710294","UniversitetiUBT","2017-10-04 09:37:06","132","143","25","6"
"153583318026281_1613656105352321","UniversitetiUBT","2017-10-04 16:51:15","125","126","7","11"
"153583318026281_1614300801954518","UniversitetiUBT","2017-10-05 09:12:27","342","343","0","5"
"153583318026281_1614472885270643","UniversitetiUBT","2017-10-05 14:14:54","21","21","0","0"
"153583318026281_1614504485267483","UniversitetiUBT","2017-10-05 14:53:26","59","59","15","10"
"153583318026281_1615232888527976","UniversitetiUBT","2017-10-06 09:30:21","308","308","0","3"
"153583318026281_1615257285192203","UniversitetiUBT","2017-10-06 10:19:52","46","46","0","5"
"153583318026281_1615289251855673","UniversitetiUBT","2017-10-06 11:15:15","122","124","2","1"
"153583318026281_1615400081844590","UniversitetiUBT","2017-10-06 14:16:46","983","986","9","13"
"153583318026281_1615443785173553","UniversitetiUBT","2017-10-06 15:12:04","75","83","12","5"
"153583318026281_1618060078245257","UniversitetiUBT","2017-10-09 10:13:24","279","281","0","6"
"153583318026281_1618191571565441","UniversitetiUBT","2017-10-09 13:46:14","224","224","0","7"
"153583318026281_1618382388213026","UniversitetiUBT","2017-10-09 17:17:09","46","46","1","1"
"153583318026281_1619043238146941","UniversitetiUBT","2017-10-10 09:28:28","50","51","0","1"
"153583318026281_1619082094809722","UniversitetiUBT","2017-10-10 10:58:26","114","120","5","0"
"153583318026281_1619135408137724","UniversitetiUBT","2017-10-10 12:39:39","106","109","1","10"
"153583318026281_1619274958123769","UniversitetiUBT","2017-10-10 15:38:14","186","190","80","24"
"153583318026281_1619962751388323","UniversitetiUBT","2017-10-11 09:56:26","71","72","7","4"
"153583318026281_1620111744706757","UniversitetiUBT","2017-10-11 14:06:18","249","250","43","7"
"153583318026281_1620205911364007","UniversitetiUBT","2017-10-11 16:15:24","57","57","3","6"
"153583318026281_1620876314630300","UniversitetiUBT","2017-10-12 09:47:14","38","38","0","2"
"153583318026281_1620898731294725","UniversitetiUBT","2017-10-12 10:36:00","43","43","0","1"
"153583318026281_1621029344614997","UniversitetiUBT","2017-10-12 14:13:08","85","85","1","3"
"153583318026281_1621161261268472","UniversitetiUBT","2017-10-12 16:55:07","63","63","0","3"
"153583318026281_1621221747929090","UniversitetiUBT","2017-10-12 18:09:55","31","32","1","3"
"153583318026281_1621798754538056","UniversitetiUBT","2017-10-13 09:27:21","107","107","1","4"
"153583318026281_1621817214536210","UniversitetiUBT","2017-10-13 09:58:33","50","50","1","6"
"153583318026281_1622038927847372","UniversitetiUBT","2017-10-13 15:26:53","65","65","0","5"
"153583318026281_1622141747837090","UniversitetiUBT","2017-10-13 17:44:07","218","218","6","7"
"153583318026281_1622290267822238","UniversitetiUBT","2017-10-13 20:11:44","19","19","1","0"
"153583318026281_1624059317645333","UniversitetiUBT","2017-10-15 17:48:20","21","21","1","1"
"153583318026281_1624641450920453","UniversitetiUBT","2017-10-16 09:51:57","139","140","3","10"
"153583318026281_1624698277581437","UniversitetiUBT","2017-10-16 11:25:08","413","414","0","4"
"153583318026281_1624771110907487","UniversitetiUBT","2017-10-16 13:38:09","510","511","6","7"
"153583318026281_1624917630892835","UniversitetiUBT","2017-10-16 17:09:54","19","19","0","1"
"153583318026281_1625028197548445","UniversitetiUBT","2017-10-16 19:32:39","42","43","1","0"
"153583318026281_1625537207497544","UniversitetiUBT","2017-10-17 10:00:28","148","148","4","4"
"153583318026281_1625648650819733","UniversitetiUBT","2017-10-17 14:14:12","61","61","2","2"
"153583318026281_1625827524135179","UniversitetiUBT","2017-10-17 17:35:14","36","36","0","0"
"153583318026281_1626539064064025","UniversitetiUBT","2017-10-18 12:50:04","65","65","0","4"
"153583318026281_1626787100705888","UniversitetiUBT","2017-10-18 18:07:55","124","124","10","6"
"153583318026281_1627393710645227","UniversitetiUBT","2017-10-19 10:29:13","123","123","2","2"
"153583318026281_1627503237300941","UniversitetiUBT","2017-10-19 13:44:34","180","183","22","7"
"153583318026281_1627612917289973","UniversitetiUBT","2017-10-19 16:06:54","142","143","9","8"
"153583318026281_1628351980549400","UniversitetiUBT","2017-10-20 10:39:49","74","77","12","5"
"153583318026281_1628573240527274","UniversitetiUBT","2017-10-20 16:22:27","101","101","2","3"
"153583318026281_1628613563856575","UniversitetiUBT","2017-10-20 17:21:41","70","70","2","3"
"153583318026281_1631102433607688","UniversitetiUBT","2017-10-23 10:41:47","63","63","0","3"
"153583318026281_1631143170270281","UniversitetiUBT","2017-10-23 12:05:23","15","15","0","0"
"153583318026281_1631143606936904","UniversitetiUBT","2017-10-23 12:06:14","636","640","4","8"
"153583318026281_1631384283579503","UniversitetiUBT","2017-10-23 17:22:39","46","46","2","3"
"153583318026281_1632250820159516","UniversitetiUBT","2017-10-24 11:07:35","1249","1256","27","29"
"153583318026281_1632438360140762","UniversitetiUBT","2017-10-24 14:24:44","1330","1333","4","10"
"153583318026281_1632496510134947","UniversitetiUBT","2017-10-24 15:22:02","862","864","4","10"
"153583318026281_1632597176791547","UniversitetiUBT","2017-10-24 17:31:04","84","86","0","6"
"153583318026281_1632685853449346","UniversitetiUBT","2017-10-24 19:07:45","49","49","1","2"
"153583318026281_1632777903440141","UniversitetiUBT","2017-10-24 20:55:10","1809","1817","16","28"
"153583318026281_1633248863393045","UniversitetiUBT","2017-10-25 09:20:09","29","29","0","2"
"153583318026281_1633339050050693","UniversitetiUBT","2017-10-25 12:09:08","169","171","1","5"
"153583318026281_1633584356692829","UniversitetiUBT","2017-10-25 17:19:11","23","23","0","1"
"153583318026281_1634275999956998","UniversitetiUBT","2017-10-26 10:07:05","1301","1304","24","23"
"153583318026281_1634388133279118","UniversitetiUBT","2017-10-26 13:14:03","64","64","1","3"
"153583318026281_1634528516598413","UniversitetiUBT","2017-10-26 16:02:19","56","57","0","2"
"153583318026281_1634565506594714","UniversitetiUBT","2017-10-26 16:52:06","720","720","7","3"
"153583318026281_1634599563257975","UniversitetiUBT","2017-10-26 17:36:16","4","4","0","0"
"153583318026281_1634602016591063","UniversitetiUBT","2017-10-26 17:56:28","61","61","0","8"
"153583318026281_1634628616588403","UniversitetiUBT","2017-10-26 18:16:01","863","866","2","10"
"153583318026281_1635450793172852","UniversitetiUBT","2017-10-27 14:56:37","103","103","0","12"
"153583318026281_1635680836483181","UniversitetiUBT","2017-10-27 19:01:37","38","38","0","6"
"153583318026281_1635684563149475","UniversitetiUBT","2017-10-27 19:06:59","54","54","1","2"
"153583318026281_1635692163148715","UniversitetiUBT","2017-10-27 19:17:57","27","27","0","2"
"153583318026281_1635696113148320","UniversitetiUBT","2017-10-27 19:24:07","38","38","0","4"
"153583318026281_1636554829729115","UniversitetiUBT","2017-10-28 15:49:51","29","29","0","0"
"153583318026281_1636573943060537","UniversitetiUBT","2017-10-28 16:00:21","25","25","0","0"
"153583318026281_1636642859720312","UniversitetiUBT","2017-10-28 16:56:30","39","39","1","0"
"153583318026281_1636657386385526","UniversitetiUBT","2017-10-28 17:15:30","29","29","0","0"
"153583318026281_1636779836373281","UniversitetiUBT","2017-10-28 19:18:33","25","25","0","0"
"153583318026281_1636791013038830","UniversitetiUBT","2017-10-28 19:34:40","26","26","0","0"
"153583318026281_1636823713035560","UniversitetiUBT","2017-10-28 20:01:13","18","18","0","0"
"153583318026281_1636830496368215","UniversitetiUBT","2017-10-28 20:10:37","47","47","0","1"
"153583318026281_1637331452984786","UniversitetiUBT","2017-10-29 08:28:16","46","46","0","3"
"153583318026281_1638414362876495","UniversitetiUBT","2017-10-30 12:08:17","17","17","1","0"
"153583318026281_1638545886196676","UniversitetiUBT","2017-10-30 15:20:43","60","63","0","15"
"153583318026281_1639278706123394","UniversitetiUBT","2017-10-31 09:48:16","109","109","6","26"
"153583318026281_1639351556116109","UniversitetiUBT","2017-10-31 11:41:23","41","41","0","3"
"153583318026281_1639612116090053","UniversitetiUBT","2017-10-31 16:50:16","13","13","0","2"
"153583318026281_1640357239348874","UniversitetiUBT","2017-11-01 11:56:26","165","165","6","3"
"153583318026281_1640605759324022","UniversitetiUBT","2017-11-01 17:07:04","80","80","0","5"
"153583318026281_1641227795928485","UniversitetiUBT","2017-11-02 10:13:54","176","185","42","4"
"153583318026281_1641513169233281","UniversitetiUBT","2017-11-02 17:04:17","33","33","0","1"
"153583318026281_1642143202503611","UniversitetiUBT","2017-11-03 10:29:01","58","58","1","2"
"153583318026281_1645186868865911","UniversitetiUBT","2017-11-06 12:40:54","35","35","1","2"
"153792561498197_734681093409338","kolegjidardania","2017-09-26 17:18:49","38","39","0","1"
"153792561498197_734682793409168","kolegjidardania","2017-09-26 17:24:16","30","30","0","0"
"153792561498197_737426253134822","kolegjidardania","2017-10-03 17:21:45","46","46","0","0"
"153792561498197_739713909572723","kolegjidardania","2017-10-09 10:59:22","64","67","5","7"
"153792561498197_740125902864857","kolegjidardania","2017-10-10 11:10:33","36","36","0","4"
"153792561498197_740135439530570","kolegjidardania","2017-10-10 11:50:41","53","53","0","0"
"153792561498197_740135679530546","kolegjidardania","2017-10-10 11:51:54","51","51","0","1"
"153792561498197_740187486192032","kolegjidardania","2017-10-10 14:53:05","49","49","0","1"
"153792561498197_740525526158228","kolegjidardania","2017-10-11 18:30:00","18","18","0","0"
"153792561498197_740602286150552","kolegjidardania","2017-10-11 20:27:38","13","13","0","0"
"153792561498197_740990426111738","kolegjidardania","2017-10-12 15:14:50","11","11","0","0"
"153792561498197_741382006072580","kolegjidardania","2017-10-13 15:28:51","7","7","0","0"
"153792561498197_742050282672419","kolegjidardania","2017-10-15 10:05:47","36","38","0","1"
"153792561498197_742421482635299","kolegjidardania","2017-10-16 08:56:46","6","6","0","0"
"153792561498197_742506039293510","kolegjidardania","2017-10-16 14:53:20","42","42","0","0"
"153792561498197_742851485925632","kolegjidardania","2017-10-17 13:32:35","83","84","6","2"
"153792561498197_743202859223828","kolegjidardania","2017-10-18 12:27:50","109","109","3","7"
"153792561498197_743307835879997","kolegjidardania","2017-10-18 17:13:42","38","38","0","1"
"153792561498197_743687562508691","kolegjidardania","2017-10-19 16:09:36","35","35","0","0"
"153792561498197_745366002340847","kolegjidardania","2017-10-23 19:08:43","64","64","0","0"
"1573709699516495_1906719329548862","UGJFA","2017-09-29 14:41:28","97","97","16","1"
"1573709699516495_1907962522757876","UGJFA","2017-10-02 11:26:07","88","89","0","1"
"1573709699516495_1909954725891989","UGJFA","2017-10-07 13:35:59","25","25","0","0"
"1573709699516495_1910720515815410","UGJFA","2017-10-09 10:30:27","50","50","0","0"
"178550128870992_1601343673258290","UniversitetiPrishtines","2017-09-26 14:36:05","48","49","1","1"
"178550128870992_1602202759839048","UniversitetiPrishtines","2017-09-27 15:40:40","29","29","4","1"
"178550128870992_1602799189779405","UniversitetiPrishtines","2017-09-28 09:55:02","43","43","1","2"
"178550128870992_1602828186443172","UniversitetiPrishtines","2017-09-28 13:00:01","193","193","8","2"
"178550128870992_1602849356441055","UniversitetiPrishtines","2017-09-28 11:39:12","12","12","0","0"
"178550128870992_1602961139763210","UniversitetiPrishtines","2017-09-28 14:50:40","677","680","932","31"
"178550128870992_1603794463013211","UniversitetiPrishtines","2017-09-29 13:56:10","93","93","0","2"
"178550128870992_1603802459679078","UniversitetiPrishtines","2017-09-29 14:09:17","516","516","129","7"
"178550128870992_1606318632760794","UniversitetiPrishtines","2017-10-02 10:27:31","33","35","1","1"
"178550128870992_1606420402750617","UniversitetiPrishtines","2017-10-02 13:48:41","206","206","2","3"
"178550128870992_1607105679348756","UniversitetiPrishtines","2017-10-03 09:07:24","36","36","0","0"
"178550128870992_1607272999332024","UniversitetiPrishtines","2017-10-03 14:06:12","325","326","33","22"
"178550128870992_1607997455926245","UniversitetiPrishtines","2017-10-04 10:00:39","165","165","12","0"
"178550128870992_1608005915925399","UniversitetiPrishtines","2017-10-04 10:21:03","27","27","1","0"
"178550128870992_1608031625922828","UniversitetiPrishtines","2017-10-04 11:16:22","6","6","0","0"
"178550128870992_1608137742578883","UniversitetiPrishtines","2017-10-04 14:31:22","72","72","1","0"
"178550128870992_1608866092506048","UniversitetiPrishtines","2017-10-05 10:07:14","37","37","0","1"
"178550128870992_1608882845837706","UniversitetiPrishtines","2017-10-05 10:28:51","246","247","2","2"
"178550128870992_1608969279162396","UniversitetiPrishtines","2017-10-05 13:11:26","8","8","0","0"
"178550128870992_1608992842493373","UniversitetiPrishtines","2017-10-05 13:54:41","16","16","0","0"
"178550128870992_1609702452422412","UniversitetiPrishtines","2017-10-06 09:34:05","87","87","0","7"
"178550128870992_1609767545749236","UniversitetiPrishtines","2017-10-06 11:39:50","30","30","0","3"
"178550128870992_1612641138795210","UniversitetiPrishtines","2017-10-09 15:11:54","5","5","0","1"
"178550128870992_1612687415457249","UniversitetiPrishtines","2017-10-09 16:09:55","16","16","1","3"
"178550128870992_1613426285383362","UniversitetiPrishtines","2017-10-10 12:31:44","8","8","0","0"
"178550128870992_1613547542037903","UniversitetiPrishtines","2017-10-10 15:42:18","36","37","0","0"
"178550128870992_1614316105294380","UniversitetiPrishtines","2017-10-11 12:51:59","41","41","8","0"
"178550128870992_1615099211882736","UniversitetiPrishtines","2017-10-12 12:01:52","7","7","0","0"
"178550128870992_1618709894855001","UniversitetiPrishtines","2017-10-16 09:08:23","59","59","9","4"
"178550128870992_1618717241520933","UniversitetiPrishtines","2017-10-16 09:19:03","1","1","0","0"
"178550128870992_1618893421503315","UniversitetiPrishtines","2017-10-16 12:34:00","5","5","0","0"
"178550128870992_1618944431498214","UniversitetiPrishtines","2017-10-16 13:59:34","55","55","0","1"
"178550128870992_1619666284759362","UniversitetiPrishtines","2017-10-17 09:25:57","20","20","0","0"
"178550128870992_1619671978092126","UniversitetiPrishtines","2017-10-17 11:47:02","5","5","0","0"
"178550128870992_1619890124736978","UniversitetiPrishtines","2017-10-17 15:16:50","44","44","0","2"
"178550128870992_1620554871337170","UniversitetiPrishtines","2017-10-18 09:22:09","53","53","0","0"
"178550128870992_1621475014578489","UniversitetiPrishtines","2017-10-19 09:45:03","37","37","3","0"
"178550128870992_1621476967911627","UniversitetiPrishtines","2017-10-19 12:20:00","14","14","0","0"
"178550128870992_1621479747911349","UniversitetiPrishtines","2017-10-19 17:05:00","34","34","0","1"
"178550128870992_1621487927910531","UniversitetiPrishtines","2017-10-20 10:00:02","64","65","1","0"
"178550128870992_1621654701227187","UniversitetiPrishtines","2017-10-19 14:45:19","21","22","0","0"
"178550128870992_1623003151092342","UniversitetiPrishtines","2017-10-20 21:24:54","30","30","6","0"
"178550128870992_1625162264209764","UniversitetiPrishtines","2017-10-23 08:26:01","56","58","2","0"
"178550128870992_1625163300876327","UniversitetiPrishtines","2017-10-23 08:27:42","40","40","0","1"
"178550128870992_1626140754111915","UniversitetiPrishtines","2017-10-24 09:38:22","32","32","5","0"
"178550128870992_1626147610777896","UniversitetiPrishtines","2017-10-24 09:50:35","38","38","1","0"
"178550128870992_1626156610776996","UniversitetiPrishtines","2017-10-24 10:08:01","6","6","1","0"
"178550128870992_1626156974110293","UniversitetiPrishtines","2017-10-24 10:08:46","30","30","12","2"
"178550128870992_1626157477443576","UniversitetiPrishtines","2017-10-24 10:09:38","4","4","2","0"
"178550128870992_1626157617443562","UniversitetiPrishtines","2017-10-24 11:19:01","15","15","5","2"
"178550128870992_1626161614109829","UniversitetiPrishtines","2017-10-24 12:00:02","15","15","1","0"
"178550128870992_1626248560767801","UniversitetiPrishtines","2017-10-24 12:36:04","43","44","0","1"
"178550128870992_1627108017348522","UniversitetiPrishtines","2017-10-25 09:24:54","8","8","0","0"
"178550128870992_1627173334008657","UniversitetiPrishtines","2017-10-25 11:21:11","29","29","1","1"
"178550128870992_1627181130674544","UniversitetiPrishtines","2017-10-25 11:36:09","22","22","0","0"
"178550128870992_1627269283999062","UniversitetiPrishtines","2017-10-25 14:01:48","15","15","0","0"
"178550128870992_1628090700583587","UniversitetiPrishtines","2017-10-26 10:30:40","14","14","5","1"
"178550128870992_1628103653915625","UniversitetiPrishtines","2017-10-26 10:57:02","14","14","0","0"
"178550128870992_1628113400581317","UniversitetiPrishtines","2017-10-26 11:16:11","1","1","0","0"
"178550128870992_1628304073895583","UniversitetiPrishtines","2017-10-26 15:57:30","50","50","0","1"
"178550128870992_1629001080492549","UniversitetiPrishtines","2017-10-27 09:41:27","33","35","0","5"
"178550128870992_1629022937157030","UniversitetiPrishtines","2017-10-27 10:27:33","41","41","0","0"
"178550128870992_1629137730478884","UniversitetiPrishtines","2017-10-27 13:46:23","55","57","0","1"
"178550128870992_1631873660205291","UniversitetiPrishtines","2017-10-30 10:01:35","69","70","1","1"
"178550128870992_1632723330120324","UniversitetiPrishtines","2017-10-31 09:32:27","24","24","0","0"
"178550128870992_1632954436763880","UniversitetiPrishtines","2017-10-31 15:16:43","32","32","6","0"
"178550128870992_1632969380095719","UniversitetiPrishtines","2017-10-31 15:34:52","20","20","1","1"
"178550128870992_1633722306687093","UniversitetiPrishtines","2017-11-01 10:22:48","86","86","0","1"
"178550128870992_1633726880019969","UniversitetiPrishtines","2017-11-01 10:27:14","21","21","0","0"
"178550128870992_1633868003339190","UniversitetiPrishtines","2017-11-01 15:23:10","41","42","1","1"
"178550128870992_1634562293269761","UniversitetiPrishtines","2017-11-02 09:02:43","27","27","0","0"
"178550128870992_1634601989932458","UniversitetiPrishtines","2017-11-02 12:35:02","19","19","0","1"
"178550128870992_1634673106592013","UniversitetiPrishtines","2017-11-02 13:30:17","6","6","0","0"
"178550128870992_1635504229842234","UniversitetiPrishtines","2017-11-03 10:14:54","79","79","0","0"
"178550128870992_1635511206508203","UniversitetiPrishtines","2017-11-03 10:26:50","126","126","1","4"
"178550128870992_1635525603173430","UniversitetiPrishtines","2017-11-03 10:53:21","28","28","0","0"
"178550128870992_1635684249824232","UniversitetiPrishtines","2017-11-03 14:27:09","22","22","0","0"
"178550128870992_1638300819562575","UniversitetiPrishtines","2017-11-06 09:43:43","11","11","0","0"
"178550128870992_1638323636226960","UniversitetiPrishtines","2017-11-06 10:31:14","2","2","0","0"
"178550128870992_1638327162893274","UniversitetiPrishtines","2017-11-06 10:37:28","2","2","1","0"
"178550128870992_1638328262893164","UniversitetiPrishtines","2017-11-06 12:15:01","5","5","0","0"
"211436145566582_1562517857125064","kolegji.ispe","2017-09-27 17:25:01","49","49","1","5"
"211436145566582_1563916596985190","kolegji.ispe","2017-09-29 12:32:19","31","31","0","3"
"211436145566582_1564202590289924","kolegji.ispe","2017-09-29 19:56:03","48","48","0","1"
"211436145566582_1567285479981635","kolegji.ispe","2017-10-03 11:04:03","144","144","0","7"
"211436145566582_1567446166632233","kolegji.ispe","2017-10-03 15:11:32","75","75","0","4"
"211436145566582_1568423366534513","kolegji.ispe","2017-10-04 18:13:56","94","95","0","7"
"211436145566582_1570000779710105","kolegji.ispe","2017-10-06 12:47:01","50","50","0","1"
"211436145566582_1570991569611026","kolegji.ispe","2017-10-07 14:17:10","88","88","4","3"
"211436145566582_1574609932582523","kolegji.ispe","2017-10-11 15:29:56","38","38","1","2"
"211436145566582_1575373792506137","kolegji.ispe","2017-10-12 14:49:26","104","104","0","8"
"211436145566582_1578938822149634","kolegji.ispe","2017-10-16 15:26:54","33","33","1","1"
"211436145566582_1580534665323383","kolegji.ispe","2017-10-18 12:07:17","61","61","3","1"
"211436145566582_1581521455224704","kolegji.ispe","2017-10-19 15:20:15","42","42","0","3"
"211436145566582_1586035758106607","kolegji.ispe","2017-10-24 18:12:35","48","48","0","4"
"211436145566582_1586792231364293","kolegji.ispe","2017-10-25 14:23:42","119","119","7","8"
"211436145566582_1588588381184678","kolegji.ispe","2017-10-27 15:12:10","28","28","0","0"
"211436145566582_1591771320866384","kolegji.ispe","2017-10-30 18:43:04","26","26","0","0"
"211436145566582_1592471014129748","kolegji.ispe","2017-10-31 14:28:41","12","12","0","2"
"211436145566582_1593334247376758","kolegji.ispe","2017-11-01 13:47:35","39","39","0","2"
"211436145566582_1594165590626957","kolegji.ispe","2017-11-02 14:07:04","32","32","0","0"
"211436145566582_1594254753951374","kolegji.ispe","2017-11-02 16:06:06","47","48","0","3"
"211436145566582_1596026080440908","kolegji.ispe","2017-11-04 17:24:33","47","47","2","7"
"213609368661117_136629290295412","KolegjiGlobus","2017-10-02 14:09:41","9","9","0","0"
"213609368661117_1539403639415010","KolegjiGlobus","2017-09-26 15:08:55","27","27","0","4"
"213609368661117_1539403789414995","KolegjiGlobus","2017-09-26 15:08:39","38","38","0","1"
"213609368661117_1541958342492873","KolegjiGlobus","2017-09-28 15:11:04","59","60","1","7"
"213609368661117_1546595715362469","KolegjiGlobus","2017-10-03 17:58:51","20","20","0","4"
"213609368661117_1552868551401852","KolegjiGlobus","2017-10-10 14:51:44","187","189","6","10"
"213609368661117_1552966061392101","KolegjiGlobus","2017-10-10 17:05:01","122","122","0","1"
"213609368661117_1556598264362214","KolegjiGlobus","2017-10-14 17:44:08","7","7","0","0"
"213609368661117_1559271577428216","KolegjiGlobus","2017-10-17 18:24:48","45","45","4","5"
"213609368661117_1579442535468797","KolegjiGlobus","2017-10-31 15:51:56","8","9","1","0"
"213609368661117_1946082315715456","KolegjiGlobus","2017-10-30 15:43:26","5","5","0","0"
"213609368661117_206001056606650","KolegjiGlobus","2017-10-11 16:08:26","5","5","0","0"
"231503536976520_1329050083888521","universitetiiliria","2017-09-29 12:41:40","115","117","1","7"
"231503536976520_1331527336974129","universitetiiliria","2017-10-02 14:45:14","81","85","1","9"
"231503536976520_1332293546897508","universitetiiliria","2017-10-03 14:16:51","94","97","3","8"
"231503536976520_1332924126834450","universitetiiliria","2017-10-04 09:35:43","96","98","2","6"
"231503536976520_1333704440089752","universitetiiliria","2017-10-05 09:36:35","62","64","0","8"
"231503536976520_1333862210073975","universitetiiliria","2017-10-05 14:52:09","167","171","1","15"
"231503536976520_1337058319754364","universitetiiliria","2017-10-09 14:26:50","312","319","6","5"
"231503536976520_1340600099400186","universitetiiliria","2017-10-13 18:18:37","117","125","4","8"
"231503536976520_1346083622185167","universitetiiliria","2017-10-20 10:07:34","184","185","0","9"
"231503536976520_1346112172182312","universitetiiliria","2017-10-20 11:03:40","180","182","0","9"
"231503536976520_1346296915497171","universitetiiliria","2017-10-20 15:54:02","99","99","1","7"
"231503536976520_1351633184963544","universitetiiliria","2017-10-26 17:45:41","144","145","0","10"
"277768028918391_1807565965938582","KolegjiPjeterBudi","2017-10-02 16:07:58","13","13","0","0"
"277768028918391_1816639141697931","KolegjiPjeterBudi","2017-10-11 15:28:00","27","27","0","1"
"277768028918391_1823643804330798","KolegjiPjeterBudi","2017-10-18 17:15:11","374","374","63","5"
"277768028918391_1823877427640769","KolegjiPjeterBudi","2017-10-18 20:14:47","12","12","0","0"
"277768028918391_1825641087464403","KolegjiPjeterBudi","2017-10-20 13:38:59","4","4","0","1"
"277768028918391_1831733790188466","KolegjiPjeterBudi","2017-10-26 14:37:39","18","18","0","1"
"277768028918391_1837324306296081","KolegjiPjeterBudi","2017-10-31 18:54:02","12","12","1","0"
"314415298669032_1315216125255606","FakultetiIStudimeveIslameFsiPrishtine","2017-09-26 09:32:04","72","73","21","6"
"314415298669032_1316060665171152","FakultetiIStudimeveIslameFsiPrishtine","2017-09-27 12:19:00","51","51","0","2"
"314415298669032_1316060805171138","FakultetiIStudimeveIslameFsiPrishtine","2017-09-27 12:19:17","94","94","5","1"
"314415298669032_1321920904585128","FakultetiIStudimeveIslameFsiPrishtine","2017-10-03 19:40:25","410","411","6","9"
"314415298669032_1322405614536657","FakultetiIStudimeveIslameFsiPrishtine","2017-10-04 09:40:49","56","56","1","0"
"314415298669032_1323533424423876","FakultetiIStudimeveIslameFsiPrishtine","2017-10-05 14:49:09","65","65","0","1"
"314415298669032_1324236427686909","FakultetiIStudimeveIslameFsiPrishtine","2017-10-06 08:45:49","29","29","3","0"
"314415298669032_1324567457653806","FakultetiIStudimeveIslameFsiPrishtine","2017-10-06 18:01:24","56","56","5","0"
"314415298669032_1328081530635732","FakultetiIStudimeveIslameFsiPrishtine","2017-10-10 20:21:45","89","89","0","0"
"314415298669032_1333581780085707","FakultetiIStudimeveIslameFsiPrishtine","2017-10-17 12:08:26","113","114","3","1"
"314415298669032_1336219146488637","FakultetiIStudimeveIslameFsiPrishtine","2017-10-20 14:20:30","133","133","0","2"
"314415298669032_1341504522626766","FakultetiIStudimeveIslameFsiPrishtine","2017-10-26 11:48:15","122","122","31","1"
"314415298669032_1342643222512896","FakultetiIStudimeveIslameFsiPrishtine","2017-10-27 16:40:51","25","25","1","0"
"314415298669032_1346371038806781","FakultetiIStudimeveIslameFsiPrishtine","2017-10-31 17:14:47","26","26","0","0"
"314415298669032_1347008782076340","FakultetiIStudimeveIslameFsiPrishtine","2017-11-01 11:01:09","44","44","1","0"
"314415298669032_1347074492069769","FakultetiIStudimeveIslameFsiPrishtine","2017-11-01 12:53:15","20","20","1","0"
"356382211105546_124596544916440","RITinKosovo","2017-10-20 09:54:44","5","5","0","0"
"356382211105546_1467848413292248","RITinKosovo","2017-09-26 17:00:01","6","6","0","0"
"356382211105546_1468607586549664","RITinKosovo","2017-09-27 16:04:14","24","24","2","3"
"356382211105546_1469245243152565","RITinKosovo","2017-09-28 11:39:37","16","16","1","2"
"356382211105546_1469254563151633","RITinKosovo","2017-09-28 11:48:49","39","39","0","4"
"356382211105546_1469988769744879","RITinKosovo","2017-09-29 10:56:09","344","371","14","0"
"356382211105546_1470100023067087","RITinKosovo","2017-09-29 14:45:28","77","79","1","5"
"356382211105546_1472410426169380","RITinKosovo","2017-10-02 09:59:00","34","34","0","2"
"356382211105546_1472676899476066","RITinKosovo","2017-10-02 17:48:30","44","59","1","2"
"356382211105546_1474166955993727","RITinKosovo","2017-10-04 15:15:57","50","51","8","2"
"356382211105546_1478209978922758","RITinKosovo","2017-10-09 12:26:57","9","9","0","0"
"356382211105546_1479256245484798","RITinKosovo","2017-10-10 19:27:49","4","4","0","0"
"356382211105546_1480713038672452","RITinKosovo","2017-10-12 16:13:56","10","10","0","0"
"356382211105546_1483566345053788","RITinKosovo","2017-10-16 00:02:20","25","26","1","1"
"356382211105546_1483993151677774","RITinKosovo","2017-10-16 13:16:13","19","19","0","0"
"356382211105546_1487570997986656","RITinKosovo","2017-10-20 10:45:25","5","5","0","0"
"356382211105546_1488331907910565","RITinKosovo","2017-10-21 08:16:22","70","72","0","0"
"356382211105546_1491389497604806","RITinKosovo","2017-10-24 16:57:05","40","42","0","12"
"356382211105546_1491403967603359","RITinKosovo","2017-10-24 17:14:26","55","55","0","0"
"356382211105546_1492085734201849","RITinKosovo","2017-10-25 09:38:17","31","31","0","5"
"356382211105546_1492312360845853","RITinKosovo","2017-10-25 15:20:10","64","64","0","1"
"356382211105546_1492534957490260","RITinKosovo","2017-10-25 19:48:03","5","6","0","0"
"356382211105546_1493347124075710","RITinKosovo","2017-10-26 17:26:10","9","9","0","0"
"356382211105546_1497644210312668","RITinKosovo","2017-10-31 09:25:10","5","5","0","0"
"356382211105546_1497732203637202","RITinKosovo","2017-10-31 11:51:01","30","30","1","1"
"356382211105546_1499761516767604","RITinKosovo","2017-11-02 15:03:27","17","17","0","1"
"356382211105546_1499772766766479","RITinKosovo","2017-11-02 15:19:32","223","224","7","8"
"356382211105546_1500681826675573","RITinKosovo","2017-11-03 16:28:13","14","14","0","0"
"356382211105546_1891989994159328","RITinKosovo","2017-10-23 13:32:40","22","22","0","0"
"366223313437608_1584448084948452","366223313437608","2017-10-01 22:59:22","55","55","6","1"
"366223313437608_1584876138238980","366223313437608","2017-10-02 12:03:10","95","95","5","1"
"366223313437608_1589497691110158","366223313437608","2017-10-07 09:42:45","45","45","2","0"
"381803827243_10155819429197244","universumcollege","2017-09-26 09:56:39","5","5","0","0"
"381803827243_10155819864237244","universumcollege","2017-09-26 14:41:11","44","44","1","0"
"381803827243_10155820276807244","universumcollege","2017-09-26 17:20:53","112","113","4","3"
"381803827243_10155822690442244","universumcollege","2017-09-27 15:40:51","276","278","46","36"
"381803827243_10155824995497244","universumcollege","2017-09-28 13:34:00","67","67","0","6"
"381803827243_10155825348867244","universumcollege","2017-09-28 16:21:46","22","22","2","1"
"381803827243_10155825752377244","universumcollege","2017-09-28 19:22:55","77","77","0","1"
"381803827243_10155827405357244","universumcollege","2017-09-29 08:47:43","61","64","2","2"
"381803827243_10155827840942244","universumcollege","2017-09-29 13:53:19","21","22","0","1"
"381803827243_10155839786527244","universumcollege","2017-10-03 18:11:18","96","96","0","2"
"381803827243_10155842508587244","universumcollege","2017-10-04 17:15:06","96","96","0","3"
"381803827243_10155842605102244","universumcollege","2017-10-04 17:55:00","30","30","0","0"
"381803827243_10155843039292244","universumcollege","2017-10-04 21:11:39","263","272","20","7"
"381803827243_10155856096132244","universumcollege","2017-10-09 14:01:08","66","66","0","0"
"381803827243_10155856600177244","universumcollege","2017-10-09 18:01:56","95","96","0","0"
"381803827243_10155858479307244","universumcollege","2017-10-10 09:38:06","33","33","0","14"
"381803827243_10155858743632244","universumcollege","2017-10-10 13:18:28","14","14","0","0"
"381803827243_10155863520522244","universumcollege","2017-10-11 14:03:16","340","341","5","8"
"381803827243_10155863656532244","universumcollege","2017-10-11 14:51:13","15","15","0","0"
"381803827243_10155866514497244","universumcollege","2017-10-12 14:48:47","35","35","0","0"
"381803827243_10155868619067244","universumcollege","2017-10-13 10:20:00","68","68","3","13"
"381803827243_10155868778852244","universumcollege","2017-10-13 12:30:57","62","62","1","2"
"381803827243_10155876538757244","universumcollege","2017-10-16 09:31:02","11","11","0","0"
"381803827243_10155876579077244","universumcollege","2017-10-16 11:03:01","47","47","5","2"
"381803827243_10155876599227244","universumcollege","2017-10-16 10:31:05","41","42","27","1"
"381803827243_10155876690777244","universumcollege","2017-10-16 11:57:43","78","78","2","3"
"381803827243_10155879329067244","universumcollege","2017-10-17 11:17:55","31","32","0","0"
"381803827243_10155879827612244","universumcollege","2017-10-17 15:22:46","14","14","0","0"
"381803827243_10155882163102244","universumcollege","2017-10-18 11:30:39","2","2","0","0"
"381803827243_10155882729397244","universumcollege","2017-10-18 15:41:07","19","19","0","0"
"381803827243_10155886001342244","universumcollege","2017-10-19 18:34:52","3","3","0","0"
"381803827243_10155887934272244","universumcollege","2017-10-20 10:02:23","17","17","0","0"
"381803827243_10155887966462244","universumcollege","2017-10-20 10:38:52","25","25","0","0"
"381803827243_10155890744682244","universumcollege","2017-10-21 11:45:42","34","34","0","0"
"381803827243_10155899206172244","universumcollege","2017-10-24 13:46:35","107","107","2","5"
"381803827243_10155904338812244","universumcollege","2017-10-26 12:38:54","73","73","0","4"
"381803827243_10155904589092244","universumcollege","2017-10-26 14:42:50","10","10","0","0"
"381803827243_10155906995212244","universumcollege","2017-10-27 10:49:10","19","19","0","0"
"381803827243_10155907005227244","universumcollege","2017-10-27 11:00:43","52","52","0","4"
"381803827243_10155907005362244","universumcollege","2017-10-27 11:00:52","44","44","0","2"
"381803827243_10155915947072244","universumcollege","2017-10-30 16:18:27","11","11","0","0"
"381803827243_10155916045602244","universumcollege","2017-10-30 17:09:13","37","37","0","0"
"381803827243_10155916210487244","universumcollege","2017-10-30 18:29:57","30","31","0","0"
"381803827243_10155918869037244","universumcollege","2017-10-31 17:36:29","68","70","1","0"
"381803827243_10155921598772244","universumcollege","2017-11-01 13:13:41","11","12","0","1"
"381803827243_10155924485157244","universumcollege","2017-11-02 13:53:21","10","10","0","1"
"381803827243_10155925403897244","universumcollege","2017-11-02 20:57:08","119","119","1","7"
"381803827243_10155928403427244","universumcollege","2017-11-03 22:11:02","17","18","0","0"
"381803827243_118350028855625","universumcollege","2017-10-02 12:03:18","69","69","0","0"
"381803827243_124133564969963","universumcollege","2017-10-18 12:36:37","10","10","0","0"
"381803827243_124860191533508","universumcollege","2017-10-26 10:42:42","18","18","0","0"
"381803827243_125329281490133","universumcollege","2017-10-30 10:42:47","7","7","0","0"
"381803827243_126104964760884","universumcollege","2017-10-25 14:08:29","18","18","0","0"
"381803827243_126852994646016","universumcollege","2017-11-01 11:54:42","12","13","0","0"
"381803827243_1447288308720133","universumcollege","2017-10-03 14:13:21","33","33","0","0"
"381803827243_1462773213836855","universumcollege","2017-10-13 17:16:49","23","23","0","0"
"381803827243_171435340101599","universumcollege","2017-10-19 18:12:17","18","18","0","0"
"381803827243_1769144326722426","universumcollege","2017-11-01 17:18:40","34","34","0","0"
"381803827243_1934490180146180","universumcollege","2017-11-02 11:32:25","19","19","0","0"
"381803827243_1996689860610190","universumcollege","2017-10-23 14:38:36","38","38","0","0"
"381803827243_2083801401840797","universumcollege","2017-10-26 10:31:59","18","18","0","0"
"381803827243_291832401318509","universumcollege","2017-10-09 09:24:39","32","32","0","0"
"381803827243_299735660543548","universumcollege","2017-11-06 11:17:43","2","2","0","0"
"381803827243_300363677114563","universumcollege","2017-10-24 16:47:18","29","29","1","0"
"381803827243_367392497015455","universumcollege","2017-10-18 12:48:36","30","30","0","0"
"381803827243_374621072971189","universumcollege","2017-10-16 16:51:48","50","50","2","0"
"381803827243_849751178537183","universumcollege","2017-11-02 13:25:59","24","24","0","0"
"408596769173460_138203933401310","AAB.edu","2017-10-23 12:28:30","140","140","2","0"
"408596769173460_1744182718948185","AAB.edu","2017-09-26 10:04:01","39","39","1","4"
"408596769173460_1744203112279479","AAB.edu","2017-09-26 10:44:38","1117","1121","11","1"
"408596769173460_1744210782278712","AAB.edu","2017-09-26 11:03:09","157","162","5","3"
"408596769173460_1744219875611136","AAB.edu","2017-09-26 11:20:01","1061","1065","20","11"
"408596769173460_1744220835611040","AAB.edu","2017-09-26 11:21:52","1034","1034","11","6"
"408596769173460_1744221245610999","AAB.edu","2017-09-26 11:22:39","832","837","14","6"
"408596769173460_1744221662277624","AAB.edu","2017-09-26 11:23:24","1002","1006","6","8"
"408596769173460_1744348748931582","AAB.edu","2017-09-26 14:43:31","190","200","14","4"
"408596769173460_1745173702182420","AAB.edu","2017-09-27 12:41:40","117","123","2","7"
"408596769173460_1745192438847213","AAB.edu","2017-09-27 13:13:09","187","187","0","0"
"408596769173460_1745297922169998","AAB.edu","2017-09-27 15:51:34","268","271","1","1"
"408596769173460_1746161482083642","AAB.edu","2017-09-28 15:44:29","532","534","61","3"
"408596769173460_1746199612079829","AAB.edu","2017-09-28 16:32:20","149","150","2","6"
"408596769173460_1746963122003478","AAB.edu","2017-09-29 14:14:02","115","120","4","6"
"408596769173460_1747256505307473","AAB.edu","2017-09-29 20:30:46","50","50","0","2"
"408596769173460_1747264331973357","AAB.edu","2017-09-29 20:43:16","381","381","50","18"
"408596769173460_1749554058411051","AAB.edu","2017-10-02 10:25:11","129","132","0","2"
"408596769173460_1749561455076978","AAB.edu","2017-10-02 11:04:00","254","263","5","16"
"408596769173460_1749569691742821","AAB.edu","2017-10-02 10:54:45","140","142","0","1"
"408596769173460_1749571598409297","AAB.edu","2017-10-02 10:58:48","255","260","11","1"
"408596769173460_1749588475074276","AAB.edu","2017-10-02 11:27:13","422","424","7","0"
"408596769173460_1751558251543965","AAB.edu","2017-10-04 15:44:24","280","281","3","10"
"408596769173460_1752249678141489","AAB.edu","2017-10-05 09:30:02","96","97","10","3"
"408596769173460_1752300451469745","AAB.edu","2017-10-05 11:11:40","49","50","1","2"
"408596769173460_1753214018045055","AAB.edu","2017-10-06 10:04:50","46","47","0","1"
"408596769173460_1754237161276074","AAB.edu","2017-10-07 11:18:59","179","183","4","4"
"408596769173460_1754441094589014","AAB.edu","2017-10-07 15:59:19","274","274","6","6"
"408596769173460_1756232807743176","AAB.edu","2017-10-09 13:49:51","60","60","2","3"
"408596769173460_1758486390851151","AAB.edu","2017-10-11 22:11:16","62","62","0","0"
"408596769173460_1759919050707885","AAB.edu","2017-10-13 11:44:07","61","61","1","2"
"408596769173460_1760834140616376","AAB.edu","2017-10-14 09:54:32","281","291","12","3"
"408596769173460_1760860030613787","AAB.edu","2017-10-14 11:13:25","391","408","12","31"
"408596769173460_1760966720603118","AAB.edu","2017-10-14 13:27:52","167","169","0","3"
"408596769173460_1763045577061899","AAB.edu","2017-10-16 11:06:03","82","82","0","0"
"408596769173460_1763339000365890","AAB.edu","2017-10-16 16:17:41","113","115","26","3"
"408596769173460_1763575753675548","AAB.edu","2017-10-16 20:08:22","75","75","0","0"
"408596769173460_1764190416947415","AAB.edu","2017-10-17 13:53:20","45","46","0","0"
"408596769173460_1765166593516464","AAB.edu","2017-10-18 13:56:24","161","161","3","3"
"408596769173460_1765639480135842","AAB.edu","2017-10-18 22:58:47","162","170","2","1"
"408596769173460_1766272636739193","AAB.edu","2017-10-19 16:14:19","28","29","0","0"
"408596769173460_1767019779997812","AAB.edu","2017-10-20 10:21:49","71","72","0","0"
"408596769173460_1768054979894292","AAB.edu","2017-10-21 12:35:51","65","66","2","2"
"408596769173460_1768521203181003","AAB.edu","2017-10-21 22:21:14","133","140","8","2"
"408596769173460_1771027779597012","AAB.edu","2017-10-24 13:58:16","62","62","0","4"
"408596769173460_1771171712915952","AAB.edu","2017-10-24 16:49:30","144","147","26","0"
"408596769173460_1771845029515287","AAB.edu","2017-10-25 10:13:12","110","110","2","8"
"408596769173460_1772017646164692","AAB.edu","2017-10-25 14:12:32","117","120","6","36"
"408596769173460_1772125072820616","AAB.edu","2017-10-25 16:28:52","52","53","0","6"
"408596769173460_1775080362525087","AAB.edu","2017-10-28 12:59:13","202","203","15","13"
"408596769173460_1777112728988517","AAB.edu","2017-10-30 10:41:50","73","74","0","6"
"408596769173460_1777115102321613","AAB.edu","2017-10-30 10:45:16","78","80","17","7"
"408596769173460_1778207075545749","AAB.edu","2017-10-31 10:59:59","32","33","0","0"
"408596769173460_1779497585416698","AAB.edu","2017-11-01 16:18:01","24","24","0","0"
"408596769173460_1779502595416197","AAB.edu","2017-11-01 16:19:24","47","47","0","4"
"408596769173460_1781286355237821","AAB.edu","2017-11-03 12:48:29","31","31","4","1"
"408596769173460_509745772693683","AAB.edu","2017-09-29 21:01:12","171","171","14","0"
"480644492056166_1437054309748508","www.kolegjifama.eu","2017-09-26 10:15:38","5","5","0","0"
"480644492056166_1437256796394926","www.kolegjifama.eu","2017-09-26 15:47:13","4","4","0","0"
"480644492056166_1438217492965523","www.kolegjifama.eu","2017-09-27 17:05:10","3","3","0","0"
"480644492056166_1438250479628891","www.kolegjifama.eu","2017-09-27 17:49:50","16","16","0","0"
"480644492056166_1438847492902523","www.kolegjifama.eu","2017-09-28 10:45:57","7","7","0","0"
"480644492056166_1442714772515795","www.kolegjifama.eu","2017-10-02 08:47:33","111","111","1","5"
"480644492056166_1442925845828021","www.kolegjifama.eu","2017-10-02 13:25:42","3","3","0","0"
"480644492056166_1454476738006265","www.kolegjifama.eu","2017-10-13 15:11:08","15","15","0","0"
"480644492056166_1456823377771601","www.kolegjifama.eu","2017-10-15 20:22:26","68","68","4","3"
"480644492056166_1465213486932590","www.kolegjifama.eu","2017-10-24 10:53:42","8","8","0","0"
"480644492056166_1465253080261964","www.kolegjifama.eu","2017-10-24 11:52:29","29","29","3","2"
"480644492056166_1466395996814339","www.kolegjifama.eu","2017-10-25 13:25:51","9","9","0","0"
"480644492056166_1469109679876304","www.kolegjifama.eu","2017-10-27 09:44:35","12","12","1","0"
"480644492056166_1469611233159482","www.kolegjifama.eu","2017-10-27 14:38:51","10","10","0","1"
"480644492056166_1469616413158964","www.kolegjifama.eu","2017-10-27 14:41:30","4","4","0","0"
"480644492056166_1474593292661276","www.kolegjifama.eu","2017-10-31 17:06:47","25","25","5","2"
"480644492056166_1476376112482994","www.kolegjifama.eu","2017-11-02 16:00:00","16","16","0","0"
"480644492056166_1476492819137990","www.kolegjifama.eu","2017-11-02 18:38:11","26","26","1","0"
"480644492056166_1477320889055183","www.kolegjifama.eu","2017-11-03 15:26:35","8","8","0","0"
"480644492056166_1477322199055052","www.kolegjifama.eu","2017-11-03 15:28:34","4","4","0","1"
"488005627969324_1088682921234922","kolegjievropianjuridica","2017-10-01 17:54:38","15","15","0","0"
"488005627969324_1101410093295538","kolegjievropianjuridica","2017-10-17 19:51:32","6","6","0","0"
"488005627969324_1102141116555769","kolegjievropianjuridica","2017-10-18 19:41:03","27","27","1","0"
"488005627969324_1104373532999194","kolegjievropianjuridica","2017-10-21 22:08:37","18","18","1","0"
"488005627969324_1104385032998044","kolegjievropianjuridica","2017-10-21 22:33:57","23","23","0","0"
"488005627969324_1104397652996782","kolegjievropianjuridica","2017-10-21 22:58:26","258","259","2","0"
"488005627969324_1114961531940394","kolegjievropianjuridica","2017-11-04 15:38:46","17","17","0","0"
"522746544426325_1664926580208310","kolegjibiznesi","2017-09-27 18:28:26","69","69","0","6"
"522746544426325_1666476450053323","kolegjibiznesi","2017-09-29 16:53:47","23","23","0","0"
"522746544426325_1666549023379399","kolegjibiznesi","2017-09-29 18:42:51","46","46","0","6"
"522746544426325_1669214806446154","kolegjibiznesi","2017-10-02 18:19:00","55","55","0","0"
"522746544426325_1670063119694656","kolegjibiznesi","2017-10-03 17:27:17","34","34","0","7"
"522746544426325_1670948656272769","kolegjibiznesi","2017-10-04 17:57:56","41","41","0","0"
"522746544426325_1670959659605002","kolegjibiznesi","2017-10-04 18:13:52","41","41","0","7"
"522746544426325_1671826819518286","kolegjibiznesi","2017-10-05 17:56:54","60","60","0","3"
"522746544426325_1673451496022485","kolegjibiznesi","2017-10-07 13:16:48","45","45","0","1"
"522746544426325_1675526002481701","kolegjibiznesi","2017-10-09 17:55:33","32","32","0","5"
"522746544426325_1676430889057879","kolegjibiznesi","2017-10-10 18:02:38","40","40","0","3"
"522746544426325_1678294182204883","kolegjibiznesi","2017-10-12 18:25:48","35","35","0","2"
"522746544426325_1679857245381910","kolegjibiznesi","2017-10-14 10:31:38","67","67","1","8"
"522746544426325_1679965972037704","kolegjibiznesi","2017-10-14 13:15:22","34","34","0","6"
"522746544426325_1682066401827661","kolegjibiznesi","2017-10-16 18:09:21","100","100","1","9"
"522746544426325_1683919228309045","kolegjibiznesi","2017-10-18 17:28:37","70","70","0","1"
"522746544426325_1686614934706141","kolegjibiznesi","2017-10-21 13:51:22","51","51","2","2"
"522746544426325_1689783121055989","kolegjibiznesi","2017-10-24 18:26:41","36","36","0","0"
"522746544426325_1697893000245001","kolegjibiznesi","2017-11-01 19:17:53","59","59","0","9"
"522746544426325_1699727203394914","kolegjibiznesi","2017-11-03 18:01:19","43","43","0","0"
"577871452266106_1444656898920886","RiinvestCollege","2017-09-26 10:22:18","432","434","1","8"
"577871452266106_1444798452240064","RiinvestCollege","2017-09-26 14:59:43","23","24","0","6"
"577871452266106_1445430982176811","RiinvestCollege","2017-09-27 10:33:00","8","8","0","3"
"577871452266106_1445463848840191","RiinvestCollege","2017-09-27 11:43:44","9","9","0","0"
"577871452266106_1445521478834428","RiinvestCollege","2017-09-27 13:36:20","17","17","0","2"
"577871452266106_1445616962158213","RiinvestCollege","2017-09-27 20:00:00","13","13","0","3"
"577871452266106_1446214648765111","RiinvestCollege","2017-09-28 11:57:49","67","67","0","3"
"577871452266106_1446946112025298","RiinvestCollege","2017-09-29 10:52:05","38","39","0","4"
"577871452266106_1446990455354197","RiinvestCollege","2017-09-29 12:26:48","88","88","1","2"
"577871452266106_1447068972013012","RiinvestCollege","2017-09-29 14:34:13","83","83","4","6"
"577871452266106_1447820065271236","RiinvestCollege","2017-09-30 13:00:24","52","52","0","2"
"577871452266106_1447820458604530","RiinvestCollege","2017-09-30 13:05:40","24","24","0","1"
"577871452266106_1449522088434367","RiinvestCollege","2017-10-02 14:09:18","69","69","0","1"
"577871452266106_1449628888423687","RiinvestCollege","2017-10-02 16:48:18","12","12","0","2"
"577871452266106_1450398601680049","RiinvestCollege","2017-10-03 13:31:29","57","57","0","2"
"577871452266106_1450480811671828","RiinvestCollege","2017-10-03 15:43:44","57","58","0","2"
"577871452266106_1451276778258898","RiinvestCollege","2017-10-04 13:45:53","81","82","0","1"
"577871452266106_1452251634828079","RiinvestCollege","2017-10-05 15:56:52","45","45","0","1"
"577871452266106_1452258221494087","RiinvestCollege","2017-10-05 16:45:00","46","47","0","3"
"577871452266106_1453037798082796","RiinvestCollege","2017-10-06 11:17:59","103","103","0","3"
"577871452266106_1453114888075087","RiinvestCollege","2017-10-06 13:53:45","57","60","0","8"
"577871452266106_1455856297800946","RiinvestCollege","2017-10-09 15:15:23","95","95","0","0"
"577871452266106_1456555867730989","RiinvestCollege","2017-10-10 10:47:13","86","91","8","10"
"577871452266106_1458279927558583","RiinvestCollege","2017-10-12 10:26:11","102","102","0","8"
"577871452266106_1459240964129146","RiinvestCollege","2017-10-13 13:12:27","11","11","0","1"
"577871452266106_1461943803858862","RiinvestCollege","2017-10-16 15:50:26","47","47","1","0"
"577871452266106_1462819323771310","RiinvestCollege","2017-10-17 16:25:46","71","73","7","12"
"577871452266106_1463521253701117","RiinvestCollege","2017-10-18 12:07:17","92","92","0","1"
"577871452266106_1464457796940796","RiinvestCollege","2017-10-19 14:26:02","28","28","0","1"
"577871452266106_1465243703528872","RiinvestCollege","2017-10-20 10:51:43","19","20","0","4"
"577871452266106_1468015879918321","RiinvestCollege","2017-10-23 17:28:34","54","54","0","0"
"577871452266106_1468784749841434","RiinvestCollege","2017-10-24 13:34:05","66","66","0","3"
"577871452266106_1468939239825985","RiinvestCollege","2017-10-24 17:02:12","78","78","0","0"
"577871452266106_1469741733079069","RiinvestCollege","2017-10-25 15:30:02","110","110","2","4"
"577871452266106_1470620769657832","RiinvestCollege","2017-10-26 15:27:43","73","73","0","1"
"577871452266106_1471512246235351","RiinvestCollege","2017-10-27 15:34:34","18","18","0","3"
"577871452266106_1475332562519986","RiinvestCollege","2017-10-31 15:58:13","40","40","0","0"
"577871452266106_1476301602423082","RiinvestCollege","2017-11-01 16:08:43","39","39","1","5"
"577871452266106_1476976622355580","RiinvestCollege","2017-11-02 11:25:53","8","8","0","0"
"577871452266106_1477863932266849","RiinvestCollege","2017-11-03 11:56:33","17","17","0","3"
"577871452266106_1478030685583507","RiinvestCollege","2017-11-03 15:31:51","63","64","0","3"
"670654779662030_1542247462502753","KolegjiUniversi","2017-09-26 10:32:29","335","335","8","14"
"670654779662030_1544582758935890","KolegjiUniversi","2017-09-29 08:56:00","79","79","1","7"
"670654779662030_1544653592262140","KolegjiUniversi","2017-09-29 11:26:06","28","28","0","0"
"670654779662030_1544727758921390","KolegjiUniversi","2017-09-29 13:46:24","28","28","0","0"
"670654779662030_1545671808826985","KolegjiUniversi","2017-09-30 15:48:31","140","141","0","2"
"670654779662030_1548060461921453","KolegjiUniversi","2017-10-03 09:18:50","518","518","28","6"
"670654779662030_1549068588487307","KolegjiUniversi","2017-10-04 11:08:01","58","58","0","10"
"670654779662030_1549882615072571","KolegjiUniversi","2017-10-05 11:14:19","132","132","1","0"
"670654779662030_1550636091663890","KolegjiUniversi","2017-10-06 09:35:53","107","107","1","7"
"670654779662030_1553325438061622","KolegjiUniversi","2017-10-09 12:24:17","94","95","19","3"
"670654779662030_1554914354569397","KolegjiUniversi","2017-10-11 10:42:44","107","107","0","5"
"670654779662030_1554994477894718","KolegjiUniversi","2017-10-11 13:03:29","160","160","1","2"
"670654779662030_1556585351068964","KolegjiUniversi","2017-10-13 11:48:44","142","142","1","2"
"670654779662030_1556613521066147","KolegjiUniversi","2017-10-13 12:08:41","74","74","7","1"
"670654779662030_1556626431064856","KolegjiUniversi","2017-10-13 12:10:11","90","90","1","5"
"670654779662030_1556631527731013","KolegjiUniversi","2017-10-13 12:18:09","147","147","1","0"
"670654779662030_1559333457460820","KolegjiUniversi","2017-10-16 10:14:16","186","186","5","21"
"670654779662030_1561089160618583","KolegjiUniversi","2017-10-18 12:17:45","117","117","0","3"
"670654779662030_1562773510450148","KolegjiUniversi","2017-10-20 11:47:00","37","37","1","3"
"670654779662030_1567075670019932","KolegjiUniversi","2017-10-25 12:10:26","69","69","0","3"
"670654779662030_1567240913336741","KolegjiUniversi","2017-10-25 16:00:52","38","38","0","1"
"670654779662030_1568120289915470","KolegjiUniversi","2017-10-26 16:08:37","128","128","1","4"
"670654779662030_1571505682910264","KolegjiUniversi","2017-10-30 10:01:10","63","63","0","4"
"670654779662030_1572404432820389","KolegjiUniversi","2017-10-31 11:01:45","52","52","0","0"
"670654779662030_1574245892636243","KolegjiUniversi","2017-11-02 13:29:19","77","77","1","1"
"670654779662030_1574994869228012","KolegjiUniversi","2017-11-03 10:36:44","101","101","2","1"
"670654779662030_1575459669181532","KolegjiUniversi","2017-11-03 22:46:25","16","16","0","0"
"670654779662030_1577690568958442","KolegjiUniversi","2017-11-06 12:25:06","24","24","0","0"
"680947495301876_1556451994418084","www.tempulli.org","2017-09-27 07:52:31","33","34","0","0"
"680947495301876_1557587427637874","www.tempulli.org","2017-09-28 15:13:24","39","39","2","0"
"680947495301876_1562277660502184","www.tempulli.org","2017-10-03 19:55:01","93","95","0","5"
"680947495301876_1565440640185886","www.tempulli.org","2017-10-07 11:25:38","28","29","0","1"
"680947495301876_1565915533471730","www.tempulli.org","2017-10-07 22:31:58","204","205","0","3"
"680947495301876_1565928220137128","www.tempulli.org","2017-10-07 22:53:15","28","29","0","1"
"680947495301876_1569679356428681","www.tempulli.org","2017-10-11 22:09:00","13","14","0","3"
"680947495301876_1572157002847583","www.tempulli.org","2017-10-14 16:01:50","56","56","1","0"
"680947495301876_1572281796168437","www.tempulli.org","2017-10-14 18:31:33","49","49","1","2"
"680947495301876_1572405199489430","www.tempulli.org","2017-10-14 21:33:48","14","14","0","0"
"680947495301876_1572910409438909","www.tempulli.org","2017-10-15 12:45:57","52","52","0","0"
"680947495301876_1578291192234164","www.tempulli.org","2017-10-21 10:21:24","10","10","0","0"
"680947495301876_1580548555341761","www.tempulli.org","2017-10-23 19:53:59","8","8","0","0"
"680947495301876_1587412774655339","www.tempulli.org","2017-10-30 20:20:38","90","90","0","0"
"680947495301876_1587460654650551","www.tempulli.org","2017-10-30 21:32:10","2","2","0","0"
"680947495301876_1587470131316270","www.tempulli.org","2017-10-30 21:43:08","27","27","0","0"
"680947495301876_1588954144501202","www.tempulli.org","2017-11-01 12:57:03","3","3","0","0"
"680947495301876_1589111007818849","www.tempulli.org","2017-11-01 16:02:12","85","87","0","1"
"680947495301876_1589113661151917","www.tempulli.org","2017-11-01 16:06:14","70","70","0","0"
"680947495301876_1589114221151861","www.tempulli.org","2017-11-01 16:07:16","68","68","0","0"
"680947495301876_1589114531151830","www.tempulli.org","2017-11-01 16:07:53","68","69","0","2"
"680947495301876_1589116254484991","www.tempulli.org","2017-11-01 16:10:58","85","86","0","1"
"680947495301876_1589118287818121","www.tempulli.org","2017-11-01 16:14:01","105","106","0","0"
"680947495301876_1592017550861528","www.tempulli.org","2017-11-04 18:40:40","2","2","0","0"
"680947495301876_1592020334194583","www.tempulli.org","2017-11-04 18:44:34","56","56","0","0"
"680947495301876_1593454397384510","www.tempulli.org","2017-11-06 11:16:15","4","4","0","0"
