"postiid","partianame","kohapostimit","nrlike","nrReaction","nrkomenteve","nrshare","koalicionet"
"109871045779576_1165725250194145","drejtesiaofficial","2017-09-27 14:53:31","28","29","0","2","PDK-AAK-NISMA"
"109871045779576_1165760513523952","drejtesiaofficial","2017-09-27 15:58:25","18","18","0","0","PDK-AAK-NISMA"
"109871045779576_1166409993459004","drejtesiaofficial","2017-09-28 15:23:55","16","16","0","0","PDK-AAK-NISMA"
"109871045779576_1166435200123150","drejtesiaofficial","2017-09-28 16:04:55","32","32","0","3","PDK-AAK-NISMA"
"109871045779576_1166439473456056","drejtesiaofficial","2017-09-28 16:13:29","30","30","1","5","PDK-AAK-NISMA"
"109871045779576_1168361439930526","drejtesiaofficial","2017-10-01 11:11:47","16","16","0","0","PDK-AAK-NISMA"
"109871045779576_1168361846597152","drejtesiaofficial","2017-10-01 11:12:46","15","15","0","0","PDK-AAK-NISMA"
"109871045779576_1168549803245023","drejtesiaofficial","2017-10-01 17:16:51","43","43","1","2","PDK-AAK-NISMA"
"109871045779576_1168999609866709","drejtesiaofficial","2017-10-02 09:36:56","34","34","1","7","PDK-AAK-NISMA"
"109871045779576_1169023879864282","drejtesiaofficial","2017-10-02 10:40:29","16","16","1","1","PDK-AAK-NISMA"
"109871045779576_1169046223195381","drejtesiaofficial","2017-10-02 11:27:51","28","28","0","0","PDK-AAK-NISMA"
"109871045779576_1169050906528246","drejtesiaofficial","2017-10-02 11:33:58","31","31","1","4","PDK-AAK-NISMA"
"109871045779576_1169258986507438","drejtesiaofficial","2017-10-02 17:48:13","61","61","1","0","PDK-AAK-NISMA"
"109871045779576_1169343376498999","drejtesiaofficial","2017-10-02 20:14:18","10","12","0","0","PDK-AAK-NISMA"
"109871045779576_1169679593132044","drejtesiaofficial","2017-10-03 08:16:43","25","25","0","0","PDK-AAK-NISMA"
"109871045779576_1171943926238944","drejtesiaofficial","2017-10-06 12:45:37","42","42","1","2","PDK-AAK-NISMA"
"109871045779576_1172041682895835","drejtesiaofficial","2017-10-06 15:48:52","43","43","0","4","PDK-AAK-NISMA"
"109871045779576_1172911876142149","drejtesiaofficial","2017-10-07 19:37:14","36","36","0","5","PDK-AAK-NISMA"
"109871045779576_1173377269428943","drejtesiaofficial","2017-10-08 11:43:14","15","15","0","0","PDK-AAK-NISMA"
"109871045779576_1173453656087971","drejtesiaofficial","2017-10-08 12:51:54","17","17","0","0","PDK-AAK-NISMA"
"109871045779576_1173757132724290","drejtesiaofficial","2017-10-08 21:13:44","16","16","1","3","PDK-AAK-NISMA"
"109871045779576_1175075849259085","drejtesiaofficial","2017-10-10 17:07:15","21","21","0","0","PDK-AAK-NISMA"
"109871045779576_1175177515915585","drejtesiaofficial","2017-10-10 19:51:53","11","11","0","0","PDK-AAK-NISMA"
"109871045779576_1175235495909787","drejtesiaofficial","2017-10-10 21:33:19","25","25","2","8","PDK-AAK-NISMA"
"109871045779576_1175581969208473","drejtesiaofficial","2017-10-11 10:30:04","30","30","1","4","PDK-AAK-NISMA"
"109871045779576_1177077805725556","drejtesiaofficial","2017-10-13 14:57:21","27","27","0","3","PDK-AAK-NISMA"
"109871045779576_1177713045662032","drejtesiaofficial","2017-10-14 11:42:40","19","19","0","2","PDK-AAK-NISMA"
"109871045779576_1178593708907299","drejtesiaofficial","2017-10-15 16:43:46","27","27","0","7","PDK-AAK-NISMA"
"109871045779576_1178706125562724","drejtesiaofficial","2017-10-15 19:47:50","31","31","0","6","PDK-AAK-NISMA"
"109871045779576_1178721242227879","drejtesiaofficial","2017-10-15 20:09:42","47","47","0","16","PDK-AAK-NISMA"
"109871045779576_1179421505491186","drejtesiaofficial","2017-10-16 19:17:15","19","19","0","0","PDK-AAK-NISMA"
"109871045779576_1179423215491015","drejtesiaofficial","2017-10-16 19:20:47","32","32","0","0","PDK-AAK-NISMA"
"109871045779576_1179505432149460","drejtesiaofficial","2017-10-16 21:43:34","16","16","3","0","PDK-AAK-NISMA"
"109871045779576_1179536582146345","drejtesiaofficial","2017-10-16 22:25:01","54","54","0","2","PDK-AAK-NISMA"
"109871045779576_1179810018785668","drejtesiaofficial","2017-10-17 08:48:37","37","37","0","2","PDK-AAK-NISMA"
"109871045779576_1180982468668423","drejtesiaofficial","2017-10-18 22:26:41","12","12","0","0","PDK-AAK-NISMA"
"109871045779576_1181007055332631","drejtesiaofficial","2017-10-18 23:25:56","23","23","0","3","PDK-AAK-NISMA"
"109871045779576_1181996711900332","drejtesiaofficial","2017-10-20 09:25:20","18","18","0","0","PDK-AAK-NISMA"
"109871045779576_1181996941900309","drejtesiaofficial","2017-10-20 09:25:54","25","25","1","0","PDK-AAK-NISMA"
"109871045779576_1181997405233596","drejtesiaofficial","2017-10-20 09:26:53","17","17","0","0","PDK-AAK-NISMA"
"109871045779576_1181997521900251","drejtesiaofficial","2017-10-20 09:27:06","14","14","0","0","PDK-AAK-NISMA"
"109871045779576_1181997595233577","drejtesiaofficial","2017-10-20 09:27:20","19","19","0","0","PDK-AAK-NISMA"
"109871045779576_1181997731900230","drejtesiaofficial","2017-10-20 09:27:39","20","20","0","0","PDK-AAK-NISMA"
"109871045779576_1181997811900222","drejtesiaofficial","2017-10-20 09:27:49","15","15","0","0","PDK-AAK-NISMA"
"109871045779576_1181997985233538","drejtesiaofficial","2017-10-20 09:28:14","14","14","0","0","PDK-AAK-NISMA"
"109871045779576_1181998068566863","drejtesiaofficial","2017-10-20 09:28:28","15","15","0","0","PDK-AAK-NISMA"
"109871045779576_1181998141900189","drejtesiaofficial","2017-10-20 09:28:40","13","13","0","0","PDK-AAK-NISMA"
"109871045779576_1181998235233513","drejtesiaofficial","2017-10-20 09:28:53","12","12","0","0","PDK-AAK-NISMA"
"109871045779576_1181998361900167","drejtesiaofficial","2017-10-20 09:29:07","10","10","0","3","PDK-AAK-NISMA"
"109871045779576_1182211988545471","drejtesiaofficial","2017-10-20 16:37:21","9","9","0","0","PDK-AAK-NISMA"
"109871045779576_1182414221858581","drejtesiaofficial","2017-10-20 22:56:54","33","33","1","9","PDK-AAK-NISMA"
"109871045779576_1183435068423163","drejtesiaofficial","2017-10-22 11:45:37","59","59","1","2","PDK-AAK-NISMA"
"109871045779576_1183475001752503","drejtesiaofficial","2017-10-22 13:10:54","31","31","4","2","PDK-AAK-NISMA"
"109871045779576_1183531008413569","drejtesiaofficial","2017-10-22 14:57:04","10","10","2","1","PDK-AAK-NISMA"
"109871045779576_1183555031744500","drejtesiaofficial","2017-10-22 15:44:27","8","8","0","0","PDK-AAK-NISMA"
"109871045779576_1183622041737799","drejtesiaofficial","2017-10-22 17:22:06","11","11","0","0","PDK-AAK-NISMA"
"109871045779576_1183623975070939","drejtesiaofficial","2017-10-22 17:25:29","13","13","0","1","PDK-AAK-NISMA"
"109871045779576_1190991081000895","drejtesiaofficial","2017-11-01 11:50:01","9","11","0","1","PDK-AAK-NISMA"
"109871045779576_1192442814189055","drejtesiaofficial","2017-11-03 11:06:17","7","7","0","3","PDK-AAK-NISMA"
"156608004843268_277101229460611","AlternativaKosova","2017-09-26 11:22:30","54","54","0","1","LDK-AKR-ALT"
"156608004843268_277277082776359","AlternativaKosova","2017-09-26 22:31:16","324","331","17","16","LDK-AKR-ALT"
"156608004843268_277443492759718","AlternativaKosova","2017-09-27 09:13:05","58","58","1","1","LDK-AKR-ALT"
"156608004843268_277835592720508","AlternativaKosova","2017-09-28 12:48:14","50","50","0","1","LDK-AKR-ALT"
"156608004843268_277961486041252","AlternativaKosova","2017-09-28 19:52:05","18","18","0","0","LDK-AKR-ALT"
"156608004843268_278139606023440","AlternativaKosova","2017-09-29 08:45:11","61","61","0","3","LDK-AKR-ALT"
"156608004843268_278267766010624","AlternativaKosova","2017-09-29 16:41:25","32","32","0","2","LDK-AKR-ALT"
"156608004843268_278298422674225","AlternativaKosova","2017-09-29 19:04:38","302","348","54","32","LDK-AKR-ALT"
"156608004843268_278326926004708","AlternativaKosova","2017-09-29 20:04:55","15","15","0","0","LDK-AKR-ALT"
"156608004843268_278990965938304","AlternativaKosova","2017-10-01 09:58:43","53","53","0","1","LDK-AKR-ALT"
"156608004843268_279380659232668","AlternativaKosova","2017-10-02 09:23:39","42","42","1","1","LDK-AKR-ALT"
"156608004843268_279381055899295","AlternativaKosova","2017-10-02 09:35:49","146","151","0","4","LDK-AKR-ALT"
"156608004843268_279396665897734","AlternativaKosova","2017-10-02 10:45:28","99","99","3","1","LDK-AKR-ALT"
"156608004843268_279518469218887","AlternativaKosova","2017-10-02 17:50:32","46","46","0","0","LDK-AKR-ALT"
"156608004843268_279596679211066","AlternativaKosova","2017-10-02 22:00:57","41","42","0","0","LDK-AKR-ALT"
"156608004843268_279733739197360","AlternativaKosova","2017-10-03 09:31:50","119","119","1","8","LDK-AKR-ALT"
"156608004843268_279737462530321","AlternativaKosova","2017-10-03 09:35:44","48","48","0","2","LDK-AKR-ALT"
"156608004843268_279757085861692","AlternativaKosova","2017-10-03 11:08:58","93","96","0","9","LDK-AKR-ALT"
"156608004843268_279814532522614","AlternativaKosova","2017-10-03 18:04:02","127","127","1","3","LDK-AKR-ALT"
"156608004843268_279852942518773","AlternativaKosova","2017-10-03 16:00:27","39","39","0","1","LDK-AKR-ALT"
"156608004843268_279961169174617","AlternativaKosova","2017-10-03 22:07:02","255","255","6","4","LDK-AKR-ALT"
"156608004843268_279977212506346","AlternativaKosova","2017-10-04 08:45:02","190","190","0","2","LDK-AKR-ALT"
"156608004843268_280099842494083","AlternativaKosova","2017-10-04 09:19:35","60","60","1","1","LDK-AKR-ALT"
"156608004843268_280166802487387","AlternativaKosova","2017-10-04 13:16:34","94","94","1","3","LDK-AKR-ALT"
"156608004843268_280192245818176","AlternativaKosova","2017-10-04 14:52:29","163","165","3","0","LDK-AKR-ALT"
"156608004843268_280496132454454","AlternativaKosova","2017-10-05 09:19:40","52","52","0","1","LDK-AKR-ALT"
"156608004843268_280606292443438","AlternativaKosova","2017-10-05 15:06:19","69","69","0","3","LDK-AKR-ALT"
"156608004843268_280753949095339","AlternativaKosova","2017-10-06 00:46:22","72","72","0","1","LDK-AKR-ALT"
"156608004843268_280901702413897","AlternativaKosova","2017-10-06 10:21:38","48","48","0","0","LDK-AKR-ALT"
"156608004843268_280909935746407","AlternativaKosova","2017-10-06 11:29:33","78","79","0","1","LDK-AKR-ALT"
"156608004843268_280984785738922","AlternativaKosova","2017-10-06 15:17:50","90","90","0","1","LDK-AKR-ALT"
"156608004843268_281065755730825","AlternativaKosova","2017-10-06 18:18:37","17","17","0","0","LDK-AKR-ALT"
"156608004843268_281192125718188","AlternativaKosova","2017-10-07 09:20:02","40","40","0","1","LDK-AKR-ALT"
"156608004843268_281909798979754","AlternativaKosova","2017-10-08 19:32:01","63","64","0","1","LDK-AKR-ALT"
"156608004843268_281917858978948","AlternativaKosova","2017-10-08 17:29:40","164","164","1","2","LDK-AKR-ALT"
"156608004843268_282019508968783","AlternativaKosova","2017-10-08 22:45:49","41","41","0","4","LDK-AKR-ALT"
"156608004843268_282185278952206","AlternativaKosova","2017-10-09 09:20:53","53","54","0","0","LDK-AKR-ALT"
"156608004843268_282197072284360","AlternativaKosova","2017-10-09 09:34:22","41","41","3","1","LDK-AKR-ALT"
"156608004843268_282202745617126","AlternativaKosova","2017-10-09 11:44:01","81","83","1","2","LDK-AKR-ALT"
"156608004843268_282561765581224","AlternativaKosova","2017-10-10 09:03:41","37","37","0","3","LDK-AKR-ALT"
"156608004843268_282609262243141","AlternativaKosova","2017-10-10 14:23:28","70","70","0","8","LDK-AKR-ALT"
"156608004843268_282966042207463","AlternativaKosova","2017-10-11 09:13:53","36","36","0","1","LDK-AKR-ALT"
"156608004843268_283336002170467","AlternativaKosova","2017-10-12 09:17:37","45","45","0","2","LDK-AKR-ALT"
"156608004843268_283395935497807","AlternativaKosova","2017-10-12 13:32:13","94","95","0","4","LDK-AKR-ALT"
"156608004843268_283449952159072","AlternativaKosova","2017-10-12 15:40:19","60","61","3","16","LDK-AKR-ALT"
"156608004843268_283470735490327","AlternativaKosova","2017-10-12 17:40:55","71","72","0","1","LDK-AKR-ALT"
"156608004843268_283727785464622","AlternativaKosova","2017-10-13 09:23:27","31","31","0","0","LDK-AKR-ALT"
"156608004843268_284120972091970","AlternativaKosova","2017-10-14 11:03:21","31","31","0","1","LDK-AKR-ALT"
"156608004843268_284161492087918","AlternativaKosova","2017-10-14 15:05:13","50","51","0","0","LDK-AKR-ALT"
"156608004843268_284473098723424","AlternativaKosova","2017-10-15 09:11:40","36","36","0","1","LDK-AKR-ALT"
"156608004843268_284849038685830","AlternativaKosova","2017-10-16 08:39:00","41","41","0","1","LDK-AKR-ALT"
"156608004843268_284876625349738","AlternativaKosova","2017-10-16 10:58:27","116","116","1","2","LDK-AKR-ALT"
"156608004843268_284915325345868","AlternativaKosova","2017-10-16 13:12:04","104","105","0","1","LDK-AKR-ALT"
"156608004843268_285096895327711","AlternativaKosova","2017-10-16 23:16:32","71","71","0","1","LDK-AKR-ALT"
"156608004843268_285227018648032","AlternativaKosova","2017-10-17 08:36:09","43","43","0","0","LDK-AKR-ALT"
"156608004843268_285228391981228","AlternativaKosova","2017-10-17 09:21:25","61","61","0","2","LDK-AKR-ALT"
"156608004843268_285231115314289","AlternativaKosova","2017-10-17 09:14:18","43","43","0","0","LDK-AKR-ALT"
"156608004843268_285238461980221","AlternativaKosova","2017-10-17 10:20:04","97","98","1","14","LDK-AKR-ALT"
"156608004843268_285249558645778","AlternativaKosova","2017-10-17 10:40:23","58","58","0","1","LDK-AKR-ALT"
"156608004843268_285479551956112","AlternativaKosova","2017-10-17 23:46:24","133","136","4","3","LDK-AKR-ALT"
"156608004843268_285615548609179","AlternativaKosova","2017-10-18 08:48:14","42","42","0","1","LDK-AKR-ALT"
"156608004843268_285711265266274","AlternativaKosova","2017-10-18 14:33:59","177","178","4","9","LDK-AKR-ALT"
"156608004843268_286033628567371","AlternativaKosova","2017-10-19 10:38:08","46","46","0","4","LDK-AKR-ALT"
"156608004843268_286047325232668","AlternativaKosova","2017-10-19 11:30:18","83","84","4","3","LDK-AKR-ALT"
"156608004843268_286236795213721","AlternativaKosova","2017-10-19 19:21:24","87","88","9","9","LDK-AKR-ALT"
"156608004843268_286437325193668","AlternativaKosova","2017-10-20 09:05:08","47","47","0","1","LDK-AKR-ALT"
"156608004843268_286438748526859","AlternativaKosova","2017-10-20 09:10:55","103","103","0","0","LDK-AKR-ALT"
"156608004843268_286459718524762","AlternativaKosova","2017-10-20 10:20:18","80","80","1","1","LDK-AKR-ALT"
"156608004843268_286462388524495","AlternativaKosova","2017-10-20 10:27:27","121","122","0","2","LDK-AKR-ALT"
"156608004843268_286507521853315","AlternativaKosova","2017-10-20 13:35:08","52","52","1","0","LDK-AKR-ALT"
"156608004843268_286546748516059","AlternativaKosova","2017-10-20 14:53:43","48","48","2","0","LDK-AKR-ALT"
"156608004843268_286568871847180","AlternativaKosova","2017-10-20 16:30:02","69","69","3","0","LDK-AKR-ALT"
"156608004843268_286625911841476","AlternativaKosova","2017-10-20 19:15:02","444","501","63","32","LDK-AKR-ALT"
"156608004843268_288284578342276","AlternativaKosova","2017-10-24 19:35:28","71","71","1","2","LDK-AKR-ALT"
"156608004843268_288840831619984","AlternativaKosova","2017-10-26 09:15:19","146","148","10","6","LDK-AKR-ALT"
"156608004843268_288945124942888","AlternativaKosova","2017-10-26 14:49:40","91","94","2","5","LDK-AKR-ALT"
"156608004843268_289068074930593","AlternativaKosova","2017-10-26 21:10:03","55","56","2","0","LDK-AKR-ALT"
"156608004843268_289357438234990","AlternativaKosova","2017-10-27 15:32:31","42","42","0","2","LDK-AKR-ALT"
"156608004843268_291076454729755","AlternativaKosova","2017-10-31 20:21:05","46","47","0","2","LDK-AKR-ALT"
"156608004843268_291103021393765","AlternativaKosova","2017-10-31 22:30:03","8","8","0","0","LDK-AKR-ALT"
"156608004843268_291906494646751","AlternativaKosova","2017-11-02 21:00:23","21","21","0","0","LDK-AKR-ALT"
"156608004843268_291919087978825","AlternativaKosova","2017-11-02 22:10:20","28","30","0","0","LDK-AKR-ALT"
"1611607142483889_1826385847672683","LidhjaDemokratikeeKosovesOFFICIAL","2017-09-26 16:43:29","391","392","1","24","LDK-AKR-ALT"
"1611607142483889_1826409111003690","LidhjaDemokratikeeKosovesOFFICIAL","2017-09-26 17:51:00","429","431","60","40","LDK-AKR-ALT"
"1611607142483889_1826431957668072","LidhjaDemokratikeeKosovesOFFICIAL","2017-09-26 19:36:58","473","515","161","26","LDK-AKR-ALT"
"1611607142483889_1826638544314080","LidhjaDemokratikeeKosovesOFFICIAL","2017-09-27 09:21:20","64","66","1","0","LDK-AKR-ALT"
"1611607142483889_1826714004306534","LidhjaDemokratikeeKosovesOFFICIAL","2017-09-27 14:36:36","270","271","1","1","LDK-AKR-ALT"
"1611607142483889_1826765057634762","LidhjaDemokratikeeKosovesOFFICIAL","2017-09-27 16:53:25","320","321","3","3","LDK-AKR-ALT"
"1611607142483889_1826803874297547","LidhjaDemokratikeeKosovesOFFICIAL","2017-09-27 19:09:58","224","226","17","10","LDK-AKR-ALT"
"1611607142483889_1827063787604889","LidhjaDemokratikeeKosovesOFFICIAL","2017-09-28 13:13:56","152","154","0","1","LDK-AKR-ALT"
"1611607142483889_1827124220932179","LidhjaDemokratikeeKosovesOFFICIAL","2017-09-28 16:48:33","427","445","79","31","LDK-AKR-ALT"
"1611607142483889_1827172747593993","LidhjaDemokratikeeKosovesOFFICIAL","2017-09-28 18:14:30","376","378","8","9","LDK-AKR-ALT"
"1611607142483889_1827467957564472","LidhjaDemokratikeeKosovesOFFICIAL","2017-09-29 12:45:52","1027","1049","55","25","LDK-AKR-ALT"
"1611607142483889_1827610437550224","LidhjaDemokratikeeKosovesOFFICIAL","2017-09-29 18:46:16","118","119","2","11","LDK-AKR-ALT"
"1611607142483889_1827680444209890","LidhjaDemokratikeeKosovesOFFICIAL","2017-09-30 07:40:42","339","344","10","4","LDK-AKR-ALT"
"1611607142483889_1828095414168393","LidhjaDemokratikeeKosovesOFFICIAL","2017-09-30 19:11:38","306","307","10","5","LDK-AKR-ALT"
"1611607142483889_1828129277498340","LidhjaDemokratikeeKosovesOFFICIAL","2017-09-30 20:15:51","139","140","0","3","LDK-AKR-ALT"
"1611607142483889_1828541637457104","LidhjaDemokratikeeKosovesOFFICIAL","2017-10-01 19:27:10","89","90","1","2","LDK-AKR-ALT"
"1611607142483889_1828824354095499","LidhjaDemokratikeeKosovesOFFICIAL","2017-10-02 12:56:44","303","306","5","12","LDK-AKR-ALT"
"1611607142483889_1828917600752841","LidhjaDemokratikeeKosovesOFFICIAL","2017-10-02 17:31:05","165","167","8","24","LDK-AKR-ALT"
"1611607142483889_1829298924048042","LidhjaDemokratikeeKosovesOFFICIAL","2017-10-03 14:13:55","302","306","2","13","LDK-AKR-ALT"
"1611607142483889_1829407324037202","LidhjaDemokratikeeKosovesOFFICIAL","2017-10-03 19:43:58","84","86","0","5","LDK-AKR-ALT"
"1611607142483889_1829433340701267","LidhjaDemokratikeeKosovesOFFICIAL","2017-10-03 21:28:36","367","369","17","51","LDK-AKR-ALT"
"1611607142483889_1829841977327070","LidhjaDemokratikeeKosovesOFFICIAL","2017-10-04 18:07:02","162","164","2","4","LDK-AKR-ALT"
"1611607142483889_1830126403965294","LidhjaDemokratikeeKosovesOFFICIAL","2017-10-05 12:14:46","601","607","29","149","LDK-AKR-ALT"
"1611607142483889_1830272527284015","LidhjaDemokratikeeKosovesOFFICIAL","2017-10-05 18:54:57","75","76","1","1","LDK-AKR-ALT"
"1611607142483889_1830630270581574","LidhjaDemokratikeeKosovesOFFICIAL","2017-10-06 15:49:24","97","98","0","1","LDK-AKR-ALT"
"1611607142483889_1830690430575558","LidhjaDemokratikeeKosovesOFFICIAL","2017-10-06 18:34:24","613","625","37","75","LDK-AKR-ALT"
"1611607142483889_1830711227240145","LidhjaDemokratikeeKosovesOFFICIAL","2017-10-06 19:27:58","85","86","1","4","LDK-AKR-ALT"
"1611607142483889_1830988593879075","LidhjaDemokratikeeKosovesOFFICIAL","2017-10-07 12:57:17","282","283","2","82","LDK-AKR-ALT"
"1611607142483889_1831103323867602","LidhjaDemokratikeeKosovesOFFICIAL","2017-10-07 18:11:06","201","202","5","7","LDK-AKR-ALT"
"1611607142483889_1831560537155214","LidhjaDemokratikeeKosovesOFFICIAL","2017-10-08 19:28:01","230","232","9","7","LDK-AKR-ALT"
"1611607142483889_1831817803796154","LidhjaDemokratikeeKosovesOFFICIAL","2017-10-09 11:48:35","180","182","1","4","LDK-AKR-ALT"
"1611607142483889_1831956913782243","LidhjaDemokratikeeKosovesOFFICIAL","2017-10-09 18:42:39","116","117","1","0","LDK-AKR-ALT"
"1611607142483889_1832230857088182","LidhjaDemokratikeeKosovesOFFICIAL","2017-10-10 12:26:05","319","320","3","12","LDK-AKR-ALT"
"1611607142483889_1832297277081540","LidhjaDemokratikeeKosovesOFFICIAL","2017-10-10 15:57:40","489","490","17","3","LDK-AKR-ALT"
"1611607142483889_1832648923713042","LidhjaDemokratikeeKosovesOFFICIAL","2017-10-11 13:31:52","72","73","0","0","LDK-AKR-ALT"
"1611607142483889_1832793910365210","LidhjaDemokratikeeKosovesOFFICIAL","2017-10-11 20:58:32","53","54","0","0","LDK-AKR-ALT"
"1611607142483889_1832817757029492","LidhjaDemokratikeeKosovesOFFICIAL","2017-10-11 22:31:06","150","152","2","3","LDK-AKR-ALT"
"1611607142483889_1832818293696105","LidhjaDemokratikeeKosovesOFFICIAL","2017-10-11 22:55:26","678","693","13","139","LDK-AKR-ALT"
"1611607142483889_1833118876999380","LidhjaDemokratikeeKosovesOFFICIAL","2017-10-12 16:59:56","606","637","128","25","LDK-AKR-ALT"
"1611607142483889_1833136266997641","LidhjaDemokratikeeKosovesOFFICIAL","2017-10-12 17:33:01","77","78","0","0","LDK-AKR-ALT"
"1611607142483889_1833433043634630","LidhjaDemokratikeeKosovesOFFICIAL","2017-10-13 12:43:04","387","388","10","0","LDK-AKR-ALT"
"1611607142483889_1833507763627158","LidhjaDemokratikeeKosovesOFFICIAL","2017-10-13 16:38:08","151","153","2","4","LDK-AKR-ALT"
"1611607142483889_1833826733595261","LidhjaDemokratikeeKosovesOFFICIAL","2017-10-14 12:24:05","193","196","5","26","LDK-AKR-ALT"
"1611607142483889_1833924280252173","LidhjaDemokratikeeKosovesOFFICIAL","2017-10-14 17:01:05","963","1016","374","66","LDK-AKR-ALT"
"1611607142483889_1833932866917981","LidhjaDemokratikeeKosovesOFFICIAL","2017-10-14 17:18:08","811","835","119","41","LDK-AKR-ALT"
"1611607142483889_1834312323546702","LidhjaDemokratikeeKosovesOFFICIAL","2017-10-15 14:58:12","262","264","5","6","LDK-AKR-ALT"
"1611607142483889_1834349836876284","LidhjaDemokratikeeKosovesOFFICIAL","2017-10-15 16:59:06","895","991","603","142","LDK-AKR-ALT"
"1611607142483889_1834420396869228","LidhjaDemokratikeeKosovesOFFICIAL","2017-10-15 18:57:18","576","579","11","7","LDK-AKR-ALT"
"1611607142483889_1834740453503889","LidhjaDemokratikeeKosovesOFFICIAL","2017-10-16 13:39:02","125","126","5","1","LDK-AKR-ALT"
"1611607142483889_1834751693502765","LidhjaDemokratikeeKosovesOFFICIAL","2017-10-16 14:04:46","587","592","9","0","LDK-AKR-ALT"
"1611607142483889_1834796273498307","LidhjaDemokratikeeKosovesOFFICIAL","2017-10-16 17:22:06","1185","1271","494","94","LDK-AKR-ALT"
"1611607142483889_1834874370157164","LidhjaDemokratikeeKosovesOFFICIAL","2017-10-16 19:34:16","1275","1291","57","212","LDK-AKR-ALT"
"1611607142483889_1835174673460467","LidhjaDemokratikeeKosovesOFFICIAL","2017-10-17 13:22:23","103","105","7","5","LDK-AKR-ALT"
"1611607142483889_1835237233454211","LidhjaDemokratikeeKosovesOFFICIAL","2017-10-17 16:38:26","1225","1324","605","175","LDK-AKR-ALT"
"1611607142483889_1835304976780770","LidhjaDemokratikeeKosovesOFFICIAL","2017-10-17 18:14:19","1117","1189","438","153","LDK-AKR-ALT"
"1611607142483889_1835354726775795","LidhjaDemokratikeeKosovesOFFICIAL","2017-10-17 20:05:03","181","183","1","1","LDK-AKR-ALT"
"1611607142483889_1835614240083177","LidhjaDemokratikeeKosovesOFFICIAL","2017-10-18 12:09:26","442","445","8","1","LDK-AKR-ALT"
"1611607142483889_1835639006747367","LidhjaDemokratikeeKosovesOFFICIAL","2017-10-18 13:38:13","1209","1231","29","190","LDK-AKR-ALT"
"1611607142483889_1835702186741049","LidhjaDemokratikeeKosovesOFFICIAL","2017-10-18 16:30:45","98","99","1","1","LDK-AKR-ALT"
"1611607142483889_1836015516709716","LidhjaDemokratikeeKosovesOFFICIAL","2017-10-19 10:32:59","404","406","3","42","LDK-AKR-ALT"
"1611607142483889_1836106663367268","LidhjaDemokratikeeKosovesOFFICIAL","2017-10-19 15:40:19","344","345","11","0","LDK-AKR-ALT"
"1611607142483889_1836128486698419","LidhjaDemokratikeeKosovesOFFICIAL","2017-10-19 17:12:52","597","661","293","65","LDK-AKR-ALT"
"1611607142483889_1836145796696688","LidhjaDemokratikeeKosovesOFFICIAL","2017-10-19 17:26:52","818","898","622","76","LDK-AKR-ALT"
"1611607142483889_1836208183357116","LidhjaDemokratikeeKosovesOFFICIAL","2017-10-19 19:47:37","197","198","9","2","LDK-AKR-ALT"
"1611607142483889_1836636463314288","LidhjaDemokratikeeKosovesOFFICIAL","2017-10-20 19:04:01","1358","1546","1463","223","LDK-AKR-ALT"
"1611607142483889_1837362333241701","LidhjaDemokratikeeKosovesOFFICIAL","2017-10-22 10:39:21","212","214","2","1","LDK-AKR-ALT"
"1611607142483889_1837374143240520","LidhjaDemokratikeeKosovesOFFICIAL","2017-10-22 11:27:29","274","274","8","2","LDK-AKR-ALT"
"1611607142483889_1837634503214484","LidhjaDemokratikeeKosovesOFFICIAL","2017-10-22 22:57:43","675","680","21","6","LDK-AKR-ALT"
"1611607142483889_1839094026401865","LidhjaDemokratikeeKosovesOFFICIAL","2017-10-26 17:08:31","169","171","5","5","LDK-AKR-ALT"
"1611607142483889_1839397769704824","LidhjaDemokratikeeKosovesOFFICIAL","2017-10-27 09:44:24","200","203","3","4","LDK-AKR-ALT"
"1611607142483889_1839440706367197","LidhjaDemokratikeeKosovesOFFICIAL","2017-10-27 12:12:27","30","31","0","0","LDK-AKR-ALT"
"1611607142483889_1839575646353703","LidhjaDemokratikeeKosovesOFFICIAL","2017-10-27 19:16:21","1381","1387","62","46","LDK-AKR-ALT"
"1611607142483889_1840826356228632","LidhjaDemokratikeeKosovesOFFICIAL","2017-10-30 19:57:19","343","346","11","6","LDK-AKR-ALT"
"1611607142483889_1840859109558690","LidhjaDemokratikeeKosovesOFFICIAL","2017-10-30 22:01:34","118","120","3","3","LDK-AKR-ALT"
"1611607142483889_1841054886205779","LidhjaDemokratikeeKosovesOFFICIAL","2017-10-31 11:55:32","53","53","0","1","LDK-AKR-ALT"
"1611607142483889_1841136149530986","LidhjaDemokratikeeKosovesOFFICIAL","2017-10-31 15:49:48","198","198","1","1","LDK-AKR-ALT"
"1611607142483889_1841174566193811","LidhjaDemokratikeeKosovesOFFICIAL","2017-10-31 17:40:50","139","139","3","0","LDK-AKR-ALT"
"1611607142483889_1841174919527109","LidhjaDemokratikeeKosovesOFFICIAL","2017-10-31 17:42:44","379","382","12","0","LDK-AKR-ALT"
"1611607142483889_1841189516192316","LidhjaDemokratikeeKosovesOFFICIAL","2017-10-31 18:34:24","374","375","9","6","LDK-AKR-ALT"
"1611607142483889_1841433982834536","LidhjaDemokratikeeKosovesOFFICIAL","2017-11-01 10:43:12","146","146","0","3","LDK-AKR-ALT"
"1611607142483889_1841559259488675","LidhjaDemokratikeeKosovesOFFICIAL","2017-11-01 17:04:27","509","510","20","29","LDK-AKR-ALT"
"1611607142483889_1841589812818953","LidhjaDemokratikeeKosovesOFFICIAL","2017-11-01 18:55:13","124","124","0","0","LDK-AKR-ALT"
"1611607142483889_1841952886115979","LidhjaDemokratikeeKosovesOFFICIAL","2017-11-02 16:27:14","227","227","3","1","LDK-AKR-ALT"
"1611607142483889_1841964996114768","LidhjaDemokratikeeKosovesOFFICIAL","2017-11-02 17:05:26","158","158","7","3","LDK-AKR-ALT"
"1611607142483889_1841991926112075","LidhjaDemokratikeeKosovesOFFICIAL","2017-11-02 18:50:12","313","313","8","7","LDK-AKR-ALT"
"1611607142483889_1842348292743105","LidhjaDemokratikeeKosovesOFFICIAL","2017-11-03 17:04:09","368","368","3","8","LDK-AKR-ALT"
"1611607142483889_1842383086072959","LidhjaDemokratikeeKosovesOFFICIAL","2017-11-03 19:08:24","232","233","7","27","LDK-AKR-ALT"
"1611607142483889_1842438486067419","LidhjaDemokratikeeKosovesOFFICIAL","2017-11-03 22:17:33","63","64","2","0","LDK-AKR-ALT"
"1611607142483889_1842801289364472","LidhjaDemokratikeeKosovesOFFICIAL","2017-11-04 18:08:25","211","211","7","0","LDK-AKR-ALT"
"1611607142483889_1843089026002365","LidhjaDemokratikeeKosovesOFFICIAL","2017-11-05 12:43:00","216","219","0","1","LDK-AKR-ALT"
"1611607142483889_1843491079295493","LidhjaDemokratikeeKosovesOFFICIAL","2017-11-06 13:00:08","82","82","1","1","LDK-AKR-ALT"
"173125529395216_1714379415269812","Aleanca.Official","2017-09-26 22:05:50","780","786","4","15","PDK-AAK-NISMA"
"173125529395216_1714383145269439","Aleanca.Official","2017-09-26 22:10:10","997","997","11","17","PDK-AAK-NISMA"
"173125529395216_1716724041702016","Aleanca.Official","2017-09-28 20:33:23","517","517","2","7","PDK-AAK-NISMA"
"173125529395216_1718018001572620","Aleanca.Official","2017-09-29 21:19:44","485","488","1","6","PDK-AAK-NISMA"
"173125529395216_1718794151495005","Aleanca.Official","2017-09-30 14:15:20","633","636","4","6","PDK-AAK-NISMA"
"173125529395216_1719176751456745","Aleanca.Official","2017-09-30 20:08:53","674","674","1","6","PDK-AAK-NISMA"
"173125529395216_1719252344782519","Aleanca.Official","2017-09-30 21:26:50","313","313","3","8","PDK-AAK-NISMA"
"173125529395216_1719263884781365","Aleanca.Official","2017-09-30 21:40:54","330","331","3","2","PDK-AAK-NISMA"
"173125529395216_1720086198032467","Aleanca.Official","2017-10-01 14:59:51","715","719","7","17","PDK-AAK-NISMA"
"173125529395216_1720444244663329","Aleanca.Official","2017-10-01 20:49:33","1104","1107","4","11","PDK-AAK-NISMA"
"173125529395216_1722312451143175","Aleanca.Official","2017-10-03 09:55:15","268","271","7","131","PDK-AAK-NISMA"
"173125529395216_1723073137733773","Aleanca.Official","2017-10-03 23:31:22","457","458","6","16","PDK-AAK-NISMA"
"173125529395216_1723530887687998","Aleanca.Official","2017-10-04 09:14:03","348","349","0","2","PDK-AAK-NISMA"
"173125529395216_1723532521021168","Aleanca.Official","2017-10-04 09:16:10","357","357","3","3","PDK-AAK-NISMA"
"173125529395216_1724749104232843","Aleanca.Official","2017-10-05 09:03:59","455","458","3","8","PDK-AAK-NISMA"
"173125529395216_1724751934232560","Aleanca.Official","2017-10-05 09:06:45","607","610","1","7","PDK-AAK-NISMA"
"173125529395216_1725460030828417","Aleanca.Official","2017-10-05 21:34:22","295","296","4","3","PDK-AAK-NISMA"
"173125529395216_1725488860825534","Aleanca.Official","2017-10-05 22:03:05","410","416","11","21","PDK-AAK-NISMA"
"173125529395216_1726159550758465","Aleanca.Official","2017-10-06 12:14:00","3081","3132","46","419","PDK-AAK-NISMA"
"173125529395216_1727390203968733","Aleanca.Official","2017-10-07 11:06:38","736","739","27","8","PDK-AAK-NISMA"
"173125529395216_1727551460619274","Aleanca.Official","2017-10-07 14:30:58","440","444","13","8","PDK-AAK-NISMA"
"173125529395216_1727971960577224","Aleanca.Official","2017-10-07 21:27:53","310","310","2","5","PDK-AAK-NISMA"
"173125529395216_1727976853910068","Aleanca.Official","2017-10-07 21:32:49","1119","1121","4","8","PDK-AAK-NISMA"
"173125529395216_1728563743851379","Aleanca.Official","2017-10-08 11:03:41","997","1045","269","106","PDK-AAK-NISMA"
"173125529395216_1728900283817725","Aleanca.Official","2017-10-08 17:26:23","1084","1087","2","20","PDK-AAK-NISMA"
"173125529395216_1729843207056766","Aleanca.Official","2017-10-09 11:22:27","471","477","9","5","PDK-AAK-NISMA"
"173125529395216_1729850467056040","Aleanca.Official","2017-10-09 11:32:45","569","573","3","9","PDK-AAK-NISMA"
"173125529395216_1730400183667735","Aleanca.Official","2017-10-09 21:21:27","338","339","4","5","PDK-AAK-NISMA"
"173125529395216_1731677306873356","Aleanca.Official","2017-10-10 22:42:41","181","182","8","4","PDK-AAK-NISMA"
"173125529395216_1731697766871310","Aleanca.Official","2017-10-10 23:00:56","208","208","1","4","PDK-AAK-NISMA"
"173125529395216_1732386563469097","Aleanca.Official","2017-10-11 13:57:53","643","644","3","14","PDK-AAK-NISMA"
"173125529395216_1732386806802406","Aleanca.Official","2017-10-11 13:58:02","244","247","1","12","PDK-AAK-NISMA"
"173125529395216_1732785386762548","Aleanca.Official","2017-10-11 20:59:39","489","491","0","7","PDK-AAK-NISMA"
"173125529395216_1734131579961262","Aleanca.Official","2017-10-12 22:34:15","687","693","8","5","PDK-AAK-NISMA"
"173125529395216_1734136833294070","Aleanca.Official","2017-10-12 22:39:43","865","871","11","11","PDK-AAK-NISMA"
"173125529395216_1736091949765225","Aleanca.Official","2017-10-13 22:32:12","1252","1275","41","53","PDK-AAK-NISMA"
"173125529395216_1736242619750158","Aleanca.Official","2017-10-13 23:30:58","892","907","11","8","PDK-AAK-NISMA"
"173125529395216_1736246433083110","Aleanca.Official","2017-10-13 23:33:24","418","421","3","4","PDK-AAK-NISMA"
"173125529395216_1737335602974193","Aleanca.Official","2017-10-14 14:14:39","705","742","142","42","PDK-AAK-NISMA"
"173125529395216_1737727116268375","Aleanca.Official","2017-10-14 18:38:44","933","946","6","20","PDK-AAK-NISMA"
"173125529395216_1737985686242518","Aleanca.Official","2017-10-14 21:50:13","764","770","14","18","PDK-AAK-NISMA"
"173125529395216_1739674176073669","Aleanca.Official","2017-10-15 22:38:37","710","714","6","9","PDK-AAK-NISMA"
"173125529395216_1740301892677564","Aleanca.Official","2017-10-16 10:11:22","941","949","14","11","PDK-AAK-NISMA"
"173125529395216_1740494195991667","Aleanca.Official","2017-10-16 14:02:50","850","855","8","9","PDK-AAK-NISMA"
"173125529395216_1740695532638200","Aleanca.Official","2017-10-16 17:17:34","609","633","171","20","PDK-AAK-NISMA"
"173125529395216_1741014859272934","Aleanca.Official","2017-10-16 21:27:36","415","416","10","5","PDK-AAK-NISMA"
"173125529395216_1741022742605479","Aleanca.Official","2017-10-16 21:35:34","485","487","6","6","PDK-AAK-NISMA"
"173125529395216_1741914759182944","Aleanca.Official","2017-10-17 14:40:01","221","223","3","16","PDK-AAK-NISMA"
"173125529395216_1741917285849358","Aleanca.Official","2017-10-17 15:06:57","670","678","30","35","PDK-AAK-NISMA"
"173125529395216_1741920512515702","Aleanca.Official","2017-10-17 15:17:10","1029","1042","13","35","PDK-AAK-NISMA"
"173125529395216_1742361435804943","Aleanca.Official","2017-10-17 20:37:37","269","270","3","6","PDK-AAK-NISMA"
"173125529395216_1743071562400597","Aleanca.Official","2017-10-18 10:36:53","335","340","2","12","PDK-AAK-NISMA"
"173125529395216_1743673162340437","Aleanca.Official","2017-10-18 20:24:47","389","390","2","7","PDK-AAK-NISMA"
"173125529395216_1743707592336994","Aleanca.Official","2017-10-18 21:05:11","759","769","21","57","PDK-AAK-NISMA"
"173125529395216_1743741985666888","Aleanca.Official","2017-10-18 21:45:30","1387","1399","28","71","PDK-AAK-NISMA"
"173125529395216_1744678582239895","Aleanca.Official","2017-10-19 16:02:44","331","332","5","22","PDK-AAK-NISMA"
"173125529395216_1744715128902907","Aleanca.Official","2017-10-19 17:02:58","452","466","81","23","PDK-AAK-NISMA"
"173125529395216_1745096798864740","Aleanca.Official","2017-10-19 22:50:21","279","282","0","3","PDK-AAK-NISMA"
"173125529395216_1745171442190609","Aleanca.Official","2017-10-20 00:18:30","350","352","7","35","PDK-AAK-NISMA"
"173125529395216_1745704418803978","Aleanca.Official","2017-10-20 11:08:46","662","665","6","4","PDK-AAK-NISMA"
"173125529395216_1745720485469038","Aleanca.Official","2017-10-20 11:29:08","594","596","4","7","PDK-AAK-NISMA"
"173125529395216_1745964358777984","Aleanca.Official","2017-10-20 16:10:16","660","691","178","34","PDK-AAK-NISMA"
"173125529395216_1746082495432837","Aleanca.Official","2017-10-20 18:17:14","59","60","3","8","PDK-AAK-NISMA"
"173125529395216_1746106555430431","Aleanca.Official","2017-10-20 18:19:50","25","25","0","2","PDK-AAK-NISMA"
"173125529395216_1746118645429222","Aleanca.Official","2017-10-20 18:24:14","15","15","0","4","PDK-AAK-NISMA"
"173125529395216_1746129115428175","Aleanca.Official","2017-10-20 18:30:50","48","48","0","2","PDK-AAK-NISMA"
"173125529395216_1746133508761069","Aleanca.Official","2017-10-20 18:34:29","658","690","209","63","PDK-AAK-NISMA"
"173125529395216_1746138158760604","Aleanca.Official","2017-10-20 18:38:19","209","209","4","0","PDK-AAK-NISMA"
"173125529395216_1746231125417974","Aleanca.Official","2017-10-20 20:08:25","95","98","2","0","PDK-AAK-NISMA"
"173125529395216_1746234922084261","Aleanca.Official","2017-10-20 20:11:26","1178","1185","10","17","PDK-AAK-NISMA"
"173125529395216_1746317575409329","Aleanca.Official","2017-10-20 21:37:25","720","725","8","7","PDK-AAK-NISMA"
"173125529395216_1746323155408771","Aleanca.Official","2017-10-20 22:11:18","464","473","6","40","PDK-AAK-NISMA"
"217235244985441_1674026222639662","aleancakosovaere","2017-09-26 11:24:20","51","51","0","0","LDK-AKR-ALT"
"217235244985441_1674084585967159","aleancakosovaere","2017-09-26 12:39:30","56","56","6","0","LDK-AKR-ALT"
"217235244985441_1674120269296924","aleancakosovaere","2017-09-26 13:31:25","31","31","0","1","LDK-AKR-ALT"
"217235244985441_1674145725961045","aleancakosovaere","2017-09-26 14:03:30","69","69","0","0","LDK-AKR-ALT"
"217235244985441_1674232049285746","aleancakosovaere","2017-09-26 15:50:55","122","122","1","0","LDK-AKR-ALT"
"217235244985441_1674311225944495","aleancakosovaere","2017-09-26 17:12:45","31","31","0","0","LDK-AKR-ALT"
"217235244985441_1675073422534942","aleancakosovaere","2017-09-27 12:00:41","31","31","0","0","LDK-AKR-ALT"
"217235244985441_1675228702519414","aleancakosovaere","2017-09-27 15:20:45","47","47","0","0","LDK-AKR-ALT"
"217235244985441_1675287355846882","aleancakosovaere","2017-09-27 16:24:53","110","111","17","0","LDK-AKR-ALT"
"217235244985441_1675345885841029","aleancakosovaere","2017-09-27 17:30:41","30","30","0","0","LDK-AKR-ALT"
"217235244985441_1675466365828981","aleancakosovaere","2017-09-27 19:59:04","125","125","2","4","LDK-AKR-ALT"
"217235244985441_1675530512489233","aleancakosovaere","2017-09-27 21:18:26","86","86","1","0","LDK-AKR-ALT"
"217235244985441_1676024775773140","aleancakosovaere","2017-09-28 09:34:46","24","24","1","0","LDK-AKR-ALT"
"217235244985441_1676037295771888","aleancakosovaere","2017-09-28 09:57:40","74","74","1","0","LDK-AKR-ALT"
"217235244985441_1676104465765171","aleancakosovaere","2017-09-28 11:49:30","26","26","0","0","LDK-AKR-ALT"
"217235244985441_1676128245762793","aleancakosovaere","2017-09-28 12:29:46","21","21","0","0","LDK-AKR-ALT"
"217235244985441_1676148405760777","aleancakosovaere","2017-09-28 13:01:28","88","88","6","0","LDK-AKR-ALT"
"217235244985441_1676162105759407","aleancakosovaere","2017-09-28 13:18:28","44","44","0","0","LDK-AKR-ALT"
"217235244985441_1676244875751130","aleancakosovaere","2017-09-28 15:00:24","72","72","1","0","LDK-AKR-ALT"
"217235244985441_1676286535746964","aleancakosovaere","2017-09-28 15:49:17","28","28","0","0","LDK-AKR-ALT"
"217235244985441_1676314125744205","aleancakosovaere","2017-09-28 16:21:02","16","16","0","0","LDK-AKR-ALT"
"217235244985441_1676454365730181","aleancakosovaere","2017-09-28 18:54:19","65","65","0","0","LDK-AKR-ALT"
"217235244985441_1676490112393273","aleancakosovaere","2017-09-28 19:36:10","57","57","0","0","LDK-AKR-ALT"
"217235244985441_1676506745724943","aleancakosovaere","2017-09-28 19:57:26","101","101","1","0","LDK-AKR-ALT"
"217235244985441_1676514762390808","aleancakosovaere","2017-09-28 20:04:08","67","67","1","0","LDK-AKR-ALT"
"217235244985441_1676525069056444","aleancakosovaere","2017-09-28 20:15:42","58","60","1","0","LDK-AKR-ALT"
"217235244985441_1676556412386643","aleancakosovaere","2017-09-28 20:49:06","92","92","0","1","LDK-AKR-ALT"
"217235244985441_1677148548994096","aleancakosovaere","2017-09-29 11:28:41","156","156","4","2","LDK-AKR-ALT"
"217235244985441_1677195952322689","aleancakosovaere","2017-09-29 12:35:13","57","58","0","0","LDK-AKR-ALT"
"217235244985441_1677356475639970","aleancakosovaere","2017-09-29 15:56:24","41","41","0","0","LDK-AKR-ALT"
"217235244985441_1677421785633439","aleancakosovaere","2017-09-29 17:03:34","48","48","1","0","LDK-AKR-ALT"
"217235244985441_1677566245618993","aleancakosovaere","2017-09-29 19:39:00","90","91","1","0","LDK-AKR-ALT"
"217235244985441_1677661952276089","aleancakosovaere","2017-09-29 21:37:15","14","15","0","0","LDK-AKR-ALT"
"217235244985441_1678532415522376","aleancakosovaere","2017-09-30 16:22:07","223","223","9","1","LDK-AKR-ALT"
"217235244985441_1678723208836630","aleancakosovaere","2017-09-30 18:59:14","165","166","2","5","LDK-AKR-ALT"
"217235244985441_1678798428829108","aleancakosovaere","2017-09-30 20:12:54","44","44","1","0","LDK-AKR-ALT"
"217235244985441_1678877918821159","aleancakosovaere","2017-09-30 21:37:09","130","131","6","0","LDK-AKR-ALT"
"217235244985441_1679092355466382","aleancakosovaere","2017-10-01 02:10:09","190","190","29","12","LDK-AKR-ALT"
"217235244985441_1679562692086015","aleancakosovaere","2017-10-01 12:26:05","18","18","0","0","LDK-AKR-ALT"
"217235244985441_1679573768751574","aleancakosovaere","2017-10-01 12:42:41","23","23","0","0","LDK-AKR-ALT"
"217235244985441_1679664802075804","aleancakosovaere","2017-10-01 14:39:30","60","60","0","0","LDK-AKR-ALT"
"217235244985441_1679726295402988","aleancakosovaere","2017-10-01 15:27:07","51","53","56","6","LDK-AKR-ALT"
"217235244985441_1679894138719537","aleancakosovaere","2017-10-01 17:59:41","51","51","1","0","LDK-AKR-ALT"
"217235244985441_1680030988705852","aleancakosovaere","2017-10-01 20:11:27","96","97","2","3","LDK-AKR-ALT"
"217235244985441_1680713225304295","aleancakosovaere","2017-10-02 11:50:13","8","9","0","0","LDK-AKR-ALT"
"217235244985441_1680804395295178","aleancakosovaere","2017-10-02 14:06:04","71","73","0","1","LDK-AKR-ALT"
"217235244985441_1680826448626306","aleancakosovaere","2017-10-02 14:26:43","67","67","0","0","LDK-AKR-ALT"
"217235244985441_1680869998621951","aleancakosovaere","2017-10-02 15:20:39","101","101","2","0","LDK-AKR-ALT"
"217235244985441_1681060848602866","aleancakosovaere","2017-10-02 18:27:33","81","81","1","2","LDK-AKR-ALT"
"217235244985441_1681180241924260","aleancakosovaere","2017-10-02 20:34:57","8","9","0","0","LDK-AKR-ALT"
"217235244985441_1681228788586072","aleancakosovaere","2017-10-02 21:23:41","14","14","1","0","LDK-AKR-ALT"
"217235244985441_1681241415251476","aleancakosovaere","2017-10-02 21:39:01","83","83","1","1","LDK-AKR-ALT"
"217235244985441_1681687165206901","aleancakosovaere","2017-10-03 07:50:49","104","104","3","0","LDK-AKR-ALT"
"217235244985441_1681840161858268","aleancakosovaere","2017-10-03 11:51:52","29","29","1","1","LDK-AKR-ALT"
"217235244985441_1681877385187879","aleancakosovaere","2017-10-03 12:41:53","43","43","0","0","LDK-AKR-ALT"
"217235244985441_1681976491844635","aleancakosovaere","2017-10-03 14:41:35","57","57","0","1","LDK-AKR-ALT"
"217235244985441_1682305881811696","aleancakosovaere","2017-10-03 20:53:32","299","301","5","4","LDK-AKR-ALT"
"217235244985441_1682469681795316","aleancakosovaere","2017-10-04 00:22:06","89","89","2","0","LDK-AKR-ALT"
"217235244985441_1682977528411198","aleancakosovaere","2017-10-04 12:19:48","68","68","1","0","LDK-AKR-ALT"
"217235244985441_1683095791732705","aleancakosovaere","2017-10-04 14:42:58","60","61","1","0","LDK-AKR-ALT"
"217235244985441_1683097145065903","aleancakosovaere","2017-10-04 14:52:00","128","129","4","31","LDK-AKR-ALT"
"217235244985441_1683261755049442","aleancakosovaere","2017-10-04 17:37:25","46","46","1","2","LDK-AKR-ALT"
"217235244985441_1683500471692237","aleancakosovaere","2017-10-04 21:59:59","89","89","5","0","LDK-AKR-ALT"
"217235244985441_1683508028358148","aleancakosovaere","2017-10-04 22:09:04","14","14","0","0","LDK-AKR-ALT"
"217235244985441_1683524808356470","aleancakosovaere","2017-10-04 22:28:51","23","23","1","0","LDK-AKR-ALT"
"217235244985441_1683552781687006","aleancakosovaere","2017-10-04 22:56:27","26","26","1","1","LDK-AKR-ALT"
"217235244985441_1684048964970721","aleancakosovaere","2017-10-05 10:19:29","63","63","0","0","LDK-AKR-ALT"
"217235244985441_1684161818292769","aleancakosovaere","2017-10-05 13:00:08","37","37","1","0","LDK-AKR-ALT"
"217235244985441_1684248914950726","aleancakosovaere","2017-10-05 14:38:31","56","56","2","0","LDK-AKR-ALT"
"217235244985441_1684330958275855","aleancakosovaere","2017-10-05 16:06:30","24","24","0","1","LDK-AKR-ALT"
"217235244985441_1684356131606671","aleancakosovaere","2017-10-05 16:31:33","23","23","1","0","LDK-AKR-ALT"
"217235244985441_1684421558266795","aleancakosovaere","2017-10-05 17:37:38","112","112","2","2","LDK-AKR-ALT"
"217235244985441_1685418401500444","aleancakosovaere","2017-10-06 12:33:35","72","72","2","1","LDK-AKR-ALT"
"217235244985441_1685511534824464","aleancakosovaere","2017-10-06 14:31:02","72","72","1","0","LDK-AKR-ALT"
"217235244985441_1685644971477787","aleancakosovaere","2017-10-06 16:41:05","29","30","1","0","LDK-AKR-ALT"
"217235244985441_1685729548135996","aleancakosovaere","2017-10-06 18:06:29","13","13","0","0","LDK-AKR-ALT"
"217235244985441_1685805504795067","aleancakosovaere","2017-10-06 19:21:12","44","44","1","0","LDK-AKR-ALT"
"217235244985441_1685925411449743","aleancakosovaere","2017-10-06 21:38:48","9","9","0","0","LDK-AKR-ALT"
"217235244985441_1685930538115897","aleancakosovaere","2017-10-06 21:45:06","23","23","1","1","LDK-AKR-ALT"
"217235244985441_1685970774778540","aleancakosovaere","2017-10-06 22:32:15","40","40","0","0","LDK-AKR-ALT"
"217235244985441_1686812418027709","aleancakosovaere","2017-10-07 15:56:00","126","126","3","5","LDK-AKR-ALT"
"217235244985441_1687041244671493","aleancakosovaere","2017-10-07 19:28:10","114","115","1","0","LDK-AKR-ALT"
"217235244985441_1687063791335905","aleancakosovaere","2017-10-07 19:48:21","37","37","1","0","LDK-AKR-ALT"
"217235244985441_1687168417992109","aleancakosovaere","2017-10-07 22:05:11","36","36","0","4","LDK-AKR-ALT"
"217235244985441_1687240761318208","aleancakosovaere","2017-10-07 22:48:19","36","36","0","0","LDK-AKR-ALT"
"217235244985441_1687268937982057","aleancakosovaere","2017-10-07 23:54:50","135","137","3","9","LDK-AKR-ALT"
"217235244985441_1687836091258675","aleancakosovaere","2017-10-08 11:54:12","60","60","0","8","LDK-AKR-ALT"
"217235244985441_1687845534591064","aleancakosovaere","2017-10-08 11:47:10","153","154","8","0","LDK-AKR-ALT"
"217235244985441_1687874664588151","aleancakosovaere","2017-10-08 12:48:05","87","87","1","0","LDK-AKR-ALT"
"217235244985441_1688284144547203","aleancakosovaere","2017-10-08 19:12:27","76","76","0","0","LDK-AKR-ALT"
"217235244985441_1688559101186374","aleancakosovaere","2017-10-09 00:02:26","36","36","0","0","LDK-AKR-ALT"
"217235244985441_1689047994470818","aleancakosovaere","2017-10-09 10:17:22","426","432","25","0","LDK-AKR-ALT"
"217235244985441_1689057151136569","aleancakosovaere","2017-10-09 11:12:08","93","93","7","8","LDK-AKR-ALT"
"217235244985441_1689162337792717","aleancakosovaere","2017-10-09 13:04:02","23","23","0","0","LDK-AKR-ALT"
"217235244985441_1689192014456416","aleancakosovaere","2017-10-09 13:36:38","40","40","5","2","LDK-AKR-ALT"
"217235244985441_1689213447787606","aleancakosovaere","2017-10-09 13:58:32","51","51","0","0","LDK-AKR-ALT"
"217235244985441_1689415594434058","aleancakosovaere","2017-10-09 17:09:56","86","86","0","0","LDK-AKR-ALT"
"217235244985441_1689630944412523","aleancakosovaere","2017-10-09 20:33:59","61","61","0","0","LDK-AKR-ALT"
"217235244985441_1690491560993128","aleancakosovaere","2017-10-10 15:47:16","141","142","0","10","LDK-AKR-ALT"
"217235244985441_1690638124311805","aleancakosovaere","2017-10-10 18:10:10","40","40","0","0","LDK-AKR-ALT"
"217235244985441_1690810514294566","aleancakosovaere","2017-10-10 21:09:18","68","68","0","0","LDK-AKR-ALT"
"217235244985441_1691066774268940","aleancakosovaere","2017-10-11 02:12:04","50","50","0","8","LDK-AKR-ALT"
"217235244985441_1691549814220636","aleancakosovaere","2017-10-11 12:07:29","157","157","2","14","LDK-AKR-ALT"
"217235244985441_1691569054218712","aleancakosovaere","2017-10-11 12:29:03","68","68","2","2","LDK-AKR-ALT"
"217235244985441_1691637554211862","aleancakosovaere","2017-10-11 13:46:24","54","55","0","0","LDK-AKR-ALT"
"217235244985441_1691662650876019","aleancakosovaere","2017-10-11 14:14:14","33","33","2","0","LDK-AKR-ALT"
"217235244985441_1691691760873108","aleancakosovaere","2017-10-11 14:34:01","171","171","5","4","LDK-AKR-ALT"
"217235244985441_1691692724206345","aleancakosovaere","2017-10-11 14:35:07","87","87","0","1","LDK-AKR-ALT"
"217235244985441_1691696954205922","aleancakosovaere","2017-10-11 14:39:26","51","51","1","0","LDK-AKR-ALT"
"217235244985441_1691731450869139","aleancakosovaere","2017-10-11 15:16:45","75","75","1","0","LDK-AKR-ALT"
"217235244985441_1691905004185117","aleancakosovaere","2017-10-11 18:36:17","57","57","0","0","LDK-AKR-ALT"
"217235244985441_1692261320816152","aleancakosovaere","2017-10-12 01:15:58","48","48","1","0","LDK-AKR-ALT"
"217235244985441_1692714260770858","aleancakosovaere","2017-10-12 11:21:34","357","363","48","0","LDK-AKR-ALT"
"217235244985441_1692740840768200","aleancakosovaere","2017-10-12 11:54:15","31","31","0","0","LDK-AKR-ALT"
"217235244985441_1692750084100609","aleancakosovaere","2017-10-12 12:08:22","62","62","2","3","LDK-AKR-ALT"
"217235244985441_1692767427432208","aleancakosovaere","2017-10-12 12:32:01","29","29","0","0","LDK-AKR-ALT"
"217235244985441_1692799430762341","aleancakosovaere","2017-10-12 13:15:45","27","27","0","0","LDK-AKR-ALT"
"217235244985441_1692887540753530","aleancakosovaere","2017-10-12 14:56:31","26","26","0","1","LDK-AKR-ALT"
"217235244985441_1692917067417244","aleancakosovaere","2017-10-12 15:27:10","35","35","0","0","LDK-AKR-ALT"
"217235244985441_1693300184045599","aleancakosovaere","2017-10-12 21:28:24","191","192","12","0","LDK-AKR-ALT"
"217235244985441_1694250173950600","aleancakosovaere","2017-10-13 16:55:34","165","166","3","3","LDK-AKR-ALT"
"217235244985441_1694277873947830","aleancakosovaere","2017-10-13 17:21:10","91","91","5","3","LDK-AKR-ALT"
"217235244985441_1694400737268877","aleancakosovaere","2017-10-13 19:13:46","5","5","0","0","LDK-AKR-ALT"
"217235244985441_1694529417256009","aleancakosovaere","2017-10-13 21:23:57","20","20","0","0","LDK-AKR-ALT"
"217235244985441_1694627930579491","aleancakosovaere","2017-10-13 23:15:51","30","30","0","0","LDK-AKR-ALT"
"217235244985441_1695408160501468","aleancakosovaere","2017-10-14 15:19:58","34","34","0","0","LDK-AKR-ALT"
"217235244985441_1695409300501354","aleancakosovaere","2017-10-14 15:20:52","105","105","3","0","LDK-AKR-ALT"
"217235244985441_1695738470468437","aleancakosovaere","2017-10-14 20:35:10","115","115","1","0","LDK-AKR-ALT"
"217235244985441_1695756483799969","aleancakosovaere","2017-10-14 20:52:38","56","56","0","0","LDK-AKR-ALT"
"217235244985441_1696415613734056","aleancakosovaere","2017-10-15 10:24:39","61","61","4","0","LDK-AKR-ALT"
"217235244985441_1697004763675141","aleancakosovaere","2017-10-15 20:54:38","68","68","1","0","LDK-AKR-ALT"
"217235244985441_1697596850282599","aleancakosovaere","2017-10-16 11:17:14","58","58","1","4","LDK-AKR-ALT"
"217235244985441_1697805026928448","aleancakosovaere","2017-10-16 14:59:08","6","6","0","0","LDK-AKR-ALT"
"217235244985441_1697814516927499","aleancakosovaere","2017-10-16 15:09:32","50","50","0","2","LDK-AKR-ALT"
"217235244985441_1697830786925872","aleancakosovaere","2017-10-16 15:24:55","29","29","0","2","LDK-AKR-ALT"
"217235244985441_1697879910254293","aleancakosovaere","2017-10-16 16:15:50","22","22","0","0","LDK-AKR-ALT"
"217235244985441_1697943280247956","aleancakosovaere","2017-10-16 17:23:29","46","46","0","0","LDK-AKR-ALT"
"217235244985441_1698029333572684","aleancakosovaere","2017-10-16 18:46:35","28","28","0","0","LDK-AKR-ALT"
"217235244985441_1698108066898144","aleancakosovaere","2017-10-16 20:07:38","51","51","0","5","LDK-AKR-ALT"
"217235244985441_1698670963508521","aleancakosovaere","2017-10-17 07:44:17","46","46","0","0","LDK-AKR-ALT"
"217235244985441_1698961773479440","aleancakosovaere","2017-10-17 14:16:51","119","119","4","0","LDK-AKR-ALT"
"217235244985441_1699329063442711","aleancakosovaere","2017-10-17 20:24:34","242","244","21","0","LDK-AKR-ALT"
"217235244985441_1700012420041042","aleancakosovaere","2017-10-18 11:19:54","20","20","0","0","LDK-AKR-ALT"
"217235244985441_1700038406705110","aleancakosovaere","2017-10-18 11:46:58","22","22","0","0","LDK-AKR-ALT"
"217235244985441_1700058306703120","aleancakosovaere","2017-10-18 12:17:16","45","45","0","0","LDK-AKR-ALT"
"217235244985441_1700218200020464","aleancakosovaere","2017-10-18 15:18:23","81","82","2","0","LDK-AKR-ALT"
"217235244985441_1700504226658528","aleancakosovaere","2017-10-18 19:57:09","70","70","1","0","LDK-AKR-ALT"
"217235244985441_1700642303311387","aleancakosovaere","2017-10-18 22:33:20","28","29","1","0","LDK-AKR-ALT"
"217235244985441_1701367246572226","aleancakosovaere","2017-10-19 15:04:48","162","162","5","0","LDK-AKR-ALT"
"217235244985441_1701402983235319","aleancakosovaere","2017-10-19 15:43:47","62","62","0","0","LDK-AKR-ALT"
"217235244985441_1701585203217097","aleancakosovaere","2017-10-19 18:58:00","31","32","0","0","LDK-AKR-ALT"
"217235244985441_1701679983207619","aleancakosovaere","2017-10-19 20:46:04","189","190","6","11","LDK-AKR-ALT"
"217235244985441_1701726576536293","aleancakosovaere","2017-10-19 21:40:51","153","153","2","3","LDK-AKR-ALT"
"217235244985441_1702410516467899","aleancakosovaere","2017-10-20 12:30:50","150","150","2","2","LDK-AKR-ALT"
"217235244985441_1702478346461116","aleancakosovaere","2017-10-20 13:57:40","71","71","3","2","LDK-AKR-ALT"
"217235244985441_1702484426460508","aleancakosovaere","2017-10-20 14:06:14","125","126","3","8","LDK-AKR-ALT"
"217235244985441_1702493273126290","aleancakosovaere","2017-10-20 14:13:59","175","175","7","19","LDK-AKR-ALT"
"217235244985441_1702614859780798","aleancakosovaere","2017-10-20 16:21:04","52","52","1","0","LDK-AKR-ALT"
"217235244985441_1702654266443524","aleancakosovaere","2017-10-20 16:59:58","36","36","1","0","LDK-AKR-ALT"
"217235244985441_1702656373109980","aleancakosovaere","2017-10-20 17:02:15","102","102","5","0","LDK-AKR-ALT"
"217235244985441_1702686983106919","aleancakosovaere","2017-10-20 17:36:50","32","32","1","0","LDK-AKR-ALT"
"217235244985441_1702754333100184","aleancakosovaere","2017-10-20 18:47:05","146","146","3","2","LDK-AKR-ALT"
"217235244985441_1702877983087819","aleancakosovaere","2017-10-20 21:06:23","94","94","0","1","LDK-AKR-ALT"
"217235244985441_1702894836419467","aleancakosovaere","2017-10-20 21:26:02","55","55","1","1","LDK-AKR-ALT"
"217235244985441_1702943803081237","aleancakosovaere","2017-10-20 22:21:51","166","166","2","4","LDK-AKR-ALT"
"217235244985441_1702944106414540","aleancakosovaere","2017-10-20 22:27:56","42","42","0","0","LDK-AKR-ALT"
"217235244985441_1702955703080047","aleancakosovaere","2017-10-20 22:43:08","35","35","0","1","LDK-AKR-ALT"
"217235244985441_1702971123078505","aleancakosovaere","2017-10-20 22:59:37","47","48","1","8","LDK-AKR-ALT"
"217235244985441_1702976949744589","aleancakosovaere","2017-10-20 23:06:11","52","53","0","21","LDK-AKR-ALT"
"217235244985441_1702984359743848","aleancakosovaere","2017-10-20 23:26:49","215","218","3","24","LDK-AKR-ALT"
"217235244985441_1704663686242582","aleancakosovaere","2017-10-22 12:39:18","102","103","3","0","LDK-AKR-ALT"
"217235244985441_1706005606108390","aleancakosovaere","2017-10-23 16:05:20","148","148","0","1","LDK-AKR-ALT"
"217235244985441_1707253465983604","aleancakosovaere","2017-10-24 14:39:56","21","21","0","0","LDK-AKR-ALT"
"217235244985441_1707325449309739","aleancakosovaere","2017-10-24 15:45:16","41","41","2","2","LDK-AKR-ALT"
"217235244985441_1707490585959892","aleancakosovaere","2017-10-24 18:12:10","127","127","1","2","LDK-AKR-ALT"
"217235244985441_1708713312504286","aleancakosovaere","2017-10-25 16:41:44","36","36","1","0","LDK-AKR-ALT"
"217235244985441_1708734742502143","aleancakosovaere","2017-10-25 17:02:26","79","79","2","0","LDK-AKR-ALT"
"217235244985441_1708908732484744","aleancakosovaere","2017-10-25 19:54:47","38","38","0","0","LDK-AKR-ALT"
"217235244985441_1709913772384240","aleancakosovaere","2017-10-26 15:52:02","79","79","1","0","LDK-AKR-ALT"
"217235244985441_1710092402366377","aleancakosovaere","2017-10-26 18:34:24","22","22","0","0","LDK-AKR-ALT"
"217235244985441_1711074415601509","aleancakosovaere","2017-10-27 14:42:50","54","54","0","0","LDK-AKR-ALT"
"217235244985441_1711163782259239","aleancakosovaere","2017-10-27 16:05:26","25","25","1","0","LDK-AKR-ALT"
"217235244985441_1711537138888570","aleancakosovaere","2017-10-27 21:53:13","76","76","2","0","LDK-AKR-ALT"
"217235244985441_1711680735540877","aleancakosovaere","2017-10-28 00:36:15","36","36","0","0","LDK-AKR-ALT"
"217235244985441_1712238028818481","aleancakosovaere","2017-10-28 12:46:28","32","32","1","0","LDK-AKR-ALT"
"217235244985441_1712407552134862","aleancakosovaere","2017-10-28 15:52:16","64","66","0","0","LDK-AKR-ALT"
"217235244985441_1715000958542188","aleancakosovaere","2017-10-30 15:14:26","54","54","1","0","LDK-AKR-ALT"
"217235244985441_1715903645118586","aleancakosovaere","2017-10-31 09:32:05","5","5","0","0","LDK-AKR-ALT"
"217235244985441_1715985498443734","aleancakosovaere","2017-10-31 11:21:43","25","25","0","0","LDK-AKR-ALT"
"217235244985441_1716679065041044","aleancakosovaere","2017-10-31 23:41:14","16","16","3","0","LDK-AKR-ALT"
"217235244985441_1717216321653985","aleancakosovaere","2017-11-01 11:59:00","12","12","0","0","LDK-AKR-ALT"
"217235244985441_1717690288273255","aleancakosovaere","2017-11-01 20:34:53","48","49","0","0","LDK-AKR-ALT"
"217235244985441_1717770191598598","aleancakosovaere","2017-11-01 21:56:59","21","21","1","0","LDK-AKR-ALT"
"217235244985441_1718172458225038","aleancakosovaere","2017-11-02 06:58:05","36","36","0","0","LDK-AKR-ALT"
"217235244985441_1718348318207452","aleancakosovaere","2017-11-02 11:24:42","14","14","0","0","LDK-AKR-ALT"
"217235244985441_1718383804870570","aleancakosovaere","2017-11-02 12:13:33","11","11","1","0","LDK-AKR-ALT"
"217235244985441_1719419354767015","aleancakosovaere","2017-11-03 10:33:38","27","27","0","0","LDK-AKR-ALT"
"217235244985441_1719990418043242","aleancakosovaere","2017-11-03 21:07:51","22","22","1","0","LDK-AKR-ALT"
"217235244985441_1721996484509302","aleancakosovaere","2017-11-05 13:36:06","40","40","1","3","LDK-AKR-ALT"
"58483591999_10154657583127000","vetevendosje","2017-09-26 18:30:01","364","381","17","15","VV"
"58483591999_10154657595387000","vetevendosje","2017-09-26 17:50:01","592","604","16","12","VV"
"58483591999_10154657610177000","vetevendosje","2017-09-26 17:16:52","860","1140","450","79","VV"
"58483591999_10154657952012000","vetevendosje","2017-09-26 19:39:31","1298","1332","35","30","VV"
"58483591999_10154659970232000","vetevendosje","2017-09-27 17:14:44","1192","1500","708","66","VV"
"58483591999_10154660184367000","vetevendosje","2017-09-27 18:29:52","378","396","15","8","VV"
"58483591999_10154660376477000","vetevendosje","2017-09-27 19:36:36","771","793","11","23","VV"
"58483591999_10154660385887000","vetevendosje","2017-09-27 21:00:00","889","937","39","91","VV"
"58483591999_10154662313462000","vetevendosje","2017-09-28 17:21:19","1463","1856","958","168","VV"
"58483591999_10154662508412000","vetevendosje","2017-09-28 18:09:45","434","452","18","5","VV"
"58483591999_10154662713202000","vetevendosje","2017-09-28 19:32:44","2359","2405","43","36","VV"
"58483591999_10154665267777000","vetevendosje","2017-09-29 16:17:48","1926","2040","291","13","VV"
"58483591999_10154665566687000","vetevendosje","2017-09-29 18:35:36","310","317","18","11","VV"
"58483591999_10154665640202000","vetevendosje","2017-09-29 19:51:42","1452","1865","969","99","VV"
"58483591999_10154665643892000","vetevendosje","2017-09-29 19:03:02","1238","1273","23","52","VV"
"58483591999_10154666021767000","vetevendosje","2017-09-29 22:04:14","843","870","6","12","VV"
"58483591999_10154666081252000","vetevendosje","2017-09-29 22:45:57","983","1009","47","83","VV"
"58483591999_10154666119402000","vetevendosje","2017-09-29 22:57:47","3559","3673","414","70","VV"
"58483591999_10154667325317000","vetevendosje","2017-09-30 12:14:30","577","676","120","42","VV"
"58483591999_10154667533767000","vetevendosje","2017-09-30 15:16:22","586","619","23","33","VV"
"58483591999_10154667741912000","vetevendosje","2017-09-30 17:20:59","1223","1539","909","60","VV"
"58483591999_10154667909152000","vetevendosje","2017-09-30 18:22:52","240","242","4","4","VV"
"58483591999_10154668111812000","vetevendosje","2017-09-30 20:05:40","1243","1275","45","43","VV"
"58483591999_10154668377522000","vetevendosje","2017-09-30 22:25:25","1010","1032","13","25","VV"
"58483591999_10154669876347000","vetevendosje","2017-10-01 16:30:59","753","772","7","9","VV"
"58483591999_10154669893487000","vetevendosje","2017-10-01 17:14:27","937","1127","411","47","VV"
"58483591999_10154670030152000","vetevendosje","2017-10-01 17:33:49","1602","1863","609","102","VV"
"58483591999_10154670238257000","vetevendosje","2017-10-01 18:45:12","176","183","12","8","VV"
"58483591999_10154670346497000","vetevendosje","2017-10-01 19:42:00","816","828","11","20","VV"
"58483591999_10154670354352000","vetevendosje","2017-10-01 19:52:17","651","672","21","44","VV"
"58483591999_10154671912452000","vetevendosje","2017-10-02 14:44:40","759","783","12","35","VV"
"58483591999_10154672075002000","vetevendosje","2017-10-02 17:05:42","1108","1345","640","74","VV"
"58483591999_10154672081527000","vetevendosje","2017-10-02 18:20:00","344","356","16","9","VV"
"58483591999_10154672442642000","vetevendosje","2017-10-02 21:00:00","1428","1475","75","84","VV"
"58483591999_10154672471982000","vetevendosje","2017-10-02 19:23:04","1430","1475","42","47","VV"
"58483591999_10154673944732000","vetevendosje","2017-10-03 11:50:40","500","575","119","29","VV"
"58483591999_10154674094187000","vetevendosje","2017-10-03 15:00:01","407","418","4","12","VV"
"58483591999_10154674465607000","vetevendosje","2017-10-03 17:50:30","157","163","7","3","VV"
"58483591999_10154674491182000","vetevendosje","2017-10-03 18:15:32","1975","2036","68","50","VV"
"58483591999_10154674909212000","vetevendosje","2017-10-03 21:55:39","1901","1952","125","163","VV"
"58483591999_10154676565262000","vetevendosje","2017-10-04 18:00:00","134","138","5","4","VV"
"58483591999_10154676568777000","vetevendosje","2017-10-04 18:30:00","1372","1412","59","16","VV"
"58483591999_10154676569337000","vetevendosje","2017-10-04 17:10:15","770","889","399","34","VV"
"58483591999_10154676577057000","vetevendosje","2017-10-04 21:00:01","1253","1298","38","26","VV"
"58483591999_10154676870932000","vetevendosje","2017-10-04 19:17:12","730","751","16","25","VV"
"58483591999_10154678473652000","vetevendosje","2017-10-05 13:28:34","481","497","36","10","VV"
"58483591999_10154678768517000","vetevendosje","2017-10-05 18:00:00","215","221","12","10","VV"
"58483591999_10154678890182000","vetevendosje","2017-10-05 17:24:14","588","687","258","61","VV"
"58483591999_10154679024552000","vetevendosje","2017-10-05 21:00:01","667","695","35","60","VV"
"58483591999_10154679216072000","vetevendosje","2017-10-05 19:50:04","404","414","6","19","VV"
"58483591999_10154681146732000","vetevendosje","2017-10-06 18:00:02","179","186","2","4","VV"
"58483591999_10154681157877000","vetevendosje","2017-10-06 17:10:34","661","794","252","44","VV"
"58483591999_10154681158227000","vetevendosje","2017-10-06 16:48:05","387","430","33","28","VV"
"58483591999_10154681448717000","vetevendosje","2017-10-06 18:53:55","522","540","13","13","VV"
"58483591999_10154681752747000","vetevendosje","2017-10-06 21:42:40","711","737","30","65","VV"
"58483591999_10154683206857000","vetevendosje","2017-10-07 14:18:37","893","1229","837","112","VV"
"58483591999_10154683475382000","vetevendosje","2017-10-07 17:13:45","565","661","279","35","VV"
"58483591999_10154683567217000","vetevendosje","2017-10-07 18:00:01","229","235","5","5","VV"
"58483591999_10154683824422000","vetevendosje","2017-10-07 19:29:54","298","308","15","14","VV"
"58483591999_10154684317432000","vetevendosje","2017-10-08 00:32:28","336","345","17","13","VV"
"58483591999_10154685369177000","vetevendosje","2017-10-08 14:21:03","1089","1335","511","88","VV"
"58483591999_10154685724662000","vetevendosje","2017-10-08 17:00:27","560","580","14","17","VV"
"58483591999_10154685796922000","vetevendosje","2017-10-08 21:00:01","1627","1723","48","274","VV"
"58483591999_10154686069612000","vetevendosje","2017-10-08 19:12:56","418","427","17","5","VV"
"58483591999_10154686381417000","vetevendosje","2017-10-09 11:00:00","481","497","14","15","VV"
"58483591999_10154687726782000","vetevendosje","2017-10-09 14:00:56","287","294","15","5","VV"
"58483591999_10154687918177000","vetevendosje","2017-10-09 18:00:00","209","215","12","7","VV"
"58483591999_10154687924057000","vetevendosje","2017-10-09 18:30:00","316","324","8","3","VV"
"58483591999_10154687930762000","vetevendosje","2017-10-09 16:13:29","570","586","17","27","VV"
"58483591999_10154688352807000","vetevendosje","2017-10-09 19:26:50","449","505","178","28","VV"
"58483591999_10154688447517000","vetevendosje","2017-10-10 15:00:00","1032","1080","34","105","VV"
"58483591999_10154688493592000","vetevendosje","2017-10-09 20:41:54","248","257","9","5","VV"
"58483591999_10154690073282000","vetevendosje","2017-10-10 13:26:29","1418","1458","23","19","VV"
"58483591999_10154690236912000","vetevendosje","2017-10-10 15:33:26","259","272","27","2","VV"
"58483591999_10154690408087000","vetevendosje","2017-10-10 17:28:24","734","851","325","63","VV"
"58483591999_10154690577647000","vetevendosje","2017-10-10 18:38:27","299","307","15","5","VV"
"58483591999_10154690666967000","vetevendosje","2017-10-10 19:19:18","347","351","6","11","VV"
"58483591999_10154690781177000","vetevendosje","2017-10-10 21:15:58","224","224","9","6","VV"
"58483591999_10154692359892000","vetevendosje","2017-10-11 16:20:11","475","548","204","45","VV"
"58483591999_10154692388532000","vetevendosje","2017-10-11 16:08:57","172","179","1","4","VV"
"58483591999_10154692481912000","vetevendosje","2017-10-11 19:30:00","1093","1121","66","99","VV"
"58483591999_10154692693247000","vetevendosje","2017-10-11 18:46:23","167","173","13","3","VV"
"58483591999_10154692711342000","vetevendosje","2017-10-11 21:20:01","320","329","10","5","VV"
"58483591999_10154692755237000","vetevendosje","2017-10-11 19:09:15","287","295","13","7","VV"
"58483591999_10154692993682000","vetevendosje","2017-10-11 21:12:54","441","455","9","28","VV"
"58483591999_10154693049527000","vetevendosje","2017-10-11 21:49:48","353","366","12","30","VV"
"58483591999_10154693086537000","vetevendosje","2017-10-11 22:05:18","249","256","15","16","VV"
"58483591999_10154693349027000","vetevendosje","2017-10-12 11:58:01","102","104","7","3","VV"
"58483591999_10154694094372000","vetevendosje","2017-10-12 10:41:27","901","920","31","73","VV"
"58483591999_10154694480322000","vetevendosje","2017-10-12 16:31:54","489","565","165","38","VV"
"58483591999_10154694492812000","vetevendosje","2017-10-12 16:13:22","148","153","8","7","VV"
"58483591999_10154694683752000","vetevendosje","2017-10-12 18:04:42","351","360","11","27","VV"
"58483591999_10154694773867000","vetevendosje","2017-10-12 18:42:35","173","176","11","8","VV"
"58483591999_10154694841637000","vetevendosje","2017-10-12 19:26:23","149","153","0","4","VV"
"58483591999_10154696262882000","vetevendosje","2017-10-13 10:44:28","5413","5670","214","540","VV"
"58483591999_10154696708257000","vetevendosje","2017-10-13 15:21:34","773","795","26","55","VV"
"58483591999_10154696749007000","vetevendosje","2017-10-13 15:43:07","111","115","4","2","VV"
"58483591999_10154696772667000","vetevendosje","2017-10-13 15:52:46","628","649","33","23","VV"
"58483591999_10154696813782000","vetevendosje","2017-10-13 17:00:22","477","538","190","66","VV"
"58483591999_10154696946817000","vetevendosje","2017-10-13 17:45:33","198","203","13","6","VV"
"58483591999_10154696951377000","vetevendosje","2017-10-13 21:00:24","227","230","7","4","VV"
"58483591999_10154697196657000","vetevendosje","2017-10-13 19:36:48","176","178","8","19","VV"
"58483591999_10154697371842000","vetevendosje","2017-10-13 21:26:08","326","338","8","14","VV"
"58483591999_10154698624167000","vetevendosje","2017-10-14 12:26:51","567","638","180","21","VV"
"58483591999_10154698748362000","vetevendosje","2017-10-14 16:00:01","568","591","28","71","VV"
"58483591999_10154698751432000","vetevendosje","2017-10-14 14:21:31","1855","2296","1398","166","VV"
"58483591999_10154698798652000","vetevendosje","2017-10-14 15:00:00","253","255","12","3","VV"
"58483591999_10154699064282000","vetevendosje","2017-10-14 16:13:02","214","223","7","15","VV"
"58483591999_10154699129402000","vetevendosje","2017-10-14 18:30:01","424","434","12","10","VV"
"58483591999_10154699174912000","vetevendosje","2017-10-14 17:23:41","659","762","431","47","VV"
"58483591999_10154699605777000","vetevendosje","2017-10-14 20:30:09","717","743","19","21","VV"
"58483591999_10154699733807000","vetevendosje","2017-10-14 21:38:24","377","389","5","20","VV"
"58483591999_10154701002092000","vetevendosje","2017-10-15 12:35:27","1051","1254","676","69","VV"
"58483591999_10154701004787000","vetevendosje","2017-10-15 12:34:08","115","117","2","6","VV"
"58483591999_10154701281427000","vetevendosje","2017-10-15 15:56:07","458","468","33","42","VV"
"58483591999_10154701419622000","vetevendosje","2017-10-15 17:09:24","288","299","4","5","VV"
"58483591999_10154701572332000","vetevendosje","2017-10-15 18:22:04","440","457","25","12","VV"
"58483591999_10154701622267000","vetevendosje","2017-10-15 18:41:11","588","604","12","26","VV"
"58483591999_10154701626362000","vetevendosje","2017-10-15 19:34:32","1918","2328","1020","182","VV"
"58483591999_10154702110047000","vetevendosje","2017-10-15 22:11:24","556","587","15","19","VV"
"58483591999_10154703264022000","vetevendosje","2017-10-16 11:16:04","487","505","20","65","VV"
"58483591999_10154703275352000","vetevendosje","2017-10-16 11:45:58","188","194","17","4","VV"
"58483591999_10154703561777000","vetevendosje","2017-10-16 15:12:32","790","944","374","53","VV"
"58483591999_10154703572637000","vetevendosje","2017-10-16 15:17:34","209","215","5","5","VV"
"58483591999_10154703766547000","vetevendosje","2017-10-16 17:07:11","993","1180","452","50","VV"
"58483591999_10154703875422000","vetevendosje","2017-10-16 17:59:12","309","321","13","19","VV"
"58483591999_10154704032612000","vetevendosje","2017-10-16 19:44:39","1610","2087","1778","167","VV"
"58483591999_10154704176187000","vetevendosje","2017-10-16 20:16:06","795","824","31","34","VV"
"58483591999_10154704532507000","vetevendosje","2017-10-16 22:04:01","406","458","33","50","VV"
"58483591999_10154704575917000","vetevendosje","2017-10-16 22:32:16","360","368","13","12","VV"
"58483591999_10154704609537000","vetevendosje","2017-10-16 22:55:32","1149","1184","35","35","VV"
"58483591999_10154705118402000","vetevendosje","2017-10-17 11:59:50","126","127","10","2","VV"
"58483591999_10154705845832000","vetevendosje","2017-10-17 14:18:15","1317","1352","53","77","VV"
"58483591999_10154705901572000","vetevendosje","2017-10-17 15:02:05","151","155","7","3","VV"
"58483591999_10154705936962000","vetevendosje","2017-10-17 15:31:54","767","941","296","57","VV"
"58483591999_10154706140022000","vetevendosje","2017-10-17 17:19:38","1865","2300","1382","202","VV"
"58483591999_10154706357327000","vetevendosje","2017-10-17 18:28:43","366","376","17","9","VV"
"58483591999_10154706380547000","vetevendosje","2017-10-17 18:47:53","752","782","46","151","VV"
"58483591999_10154706681627000","vetevendosje","2017-10-17 21:21:35","519","538","18","21","VV"
"58483591999_10154706716232000","vetevendosje","2017-10-17 21:45:36","459","469","13","13","VV"
"58483591999_10154707956852000","vetevendosje","2017-10-18 11:22:45","444","460","22","33","VV"
"58483591999_10154708192722000","vetevendosje","2017-10-18 14:38:26","601","615","12","56","VV"
"58483591999_10154708271367000","vetevendosje","2017-10-18 15:04:41","658","851","292","69","VV"
"58483591999_10154708472247000","vetevendosje","2017-10-18 16:42:05","202","204","5","2","VV"
"58483591999_10154708512257000","vetevendosje","2017-10-18 17:18:23","1584","2038","924","126","VV"
"58483591999_10154708869022000","vetevendosje","2017-10-18 19:01:10","634","660","14","11","VV"
"58483591999_10154708984522000","vetevendosje","2017-10-18 19:56:52","1223","1505","704","71","VV"
"58483591999_10154708997247000","vetevendosje","2017-10-18 21:00:01","899","936","28","67","VV"
"58483591999_10154709167507000","vetevendosje","2017-10-18 21:23:14","741","765","16","42","VV"
"58483591999_10154709374762000","vetevendosje","2017-10-18 23:15:12","903","949","47","37","VV"
"58483591999_10154710476202000","vetevendosje","2017-10-19 11:21:18","306","315","9","8","VV"
"58483591999_10154710541177000","vetevendosje","2017-10-19 12:23:44","730","863","241","49","VV"
"58483591999_10154710793197000","vetevendosje","2017-10-19 15:25:41","488","497","18","24","VV"
"58483591999_10154710975042000","vetevendosje","2017-10-19 17:22:54","2359","3017","2249","237","VV"
"58483591999_10154711421792000","vetevendosje","2017-10-19 19:18:42","157","163","3","1","VV"
"58483591999_10154711467282000","vetevendosje","2017-10-19 19:44:30","991","1028","26","26","VV"
"58483591999_10154711536502000","vetevendosje","2017-10-19 20:14:05","1336","1594","746","109","VV"
"58483591999_10154711872182000","vetevendosje","2017-10-19 22:52:09","521","541","15","47","VV"
"58483591999_10154712971612000","vetevendosje","2017-10-20 12:17:23","1001","1060","43","51","VV"
"58483591999_10154713141562000","vetevendosje","2017-10-20 14:19:59","761","920","420","55","VV"
"58483591999_10154713400242000","vetevendosje","2017-10-20 16:20:04","162","167","17","1","VV"
"58483591999_10154713411602000","vetevendosje","2017-10-20 16:31:46","595","615","17","15","VV"
"58483591999_10154713440947000","vetevendosje","2017-10-20 22:30:01","1524","1571","34","20","VV"
"58483591999_10154713441887000","vetevendosje","2017-10-20 17:30:02","526","542","20","41","VV"
"58483591999_10154713671072000","vetevendosje","2017-10-20 19:33:38","3515","5477","4539","833","VV"
"58483591999_10154714138877000","vetevendosje","2017-10-20 22:15:09","2481","2632","79","127","VV"
"58483591999_10154717364897000","vetevendosje","2017-10-22 09:09:54","3827","4713","1647","127","VV"
"58483591999_10154717445282000","vetevendosje","2017-10-22 10:05:34","1126","1465","607","37","VV"
"58483591999_10154717580847000","vetevendosje","2017-10-22 11:21:25","612","719","308","12","VV"
"58483591999_10154717680462000","vetevendosje","2017-10-22 12:35:37","634","743","325","16","VV"
"58483591999_10154718582722000","vetevendosje","2017-10-22 21:11:16","1257","1626","570","23","VV"
"58483591999_10154720783122000","vetevendosje","2017-10-23 19:50:23","910","922","21","6","VV"
"58483591999_10154722624632000","vetevendosje","2017-10-24 16:42:42","205","206","4","1","VV"
"58483591999_10154722633262000","vetevendosje","2017-10-24 19:30:27","235","240","1","2","VV"
"58483591999_10154724945272000","vetevendosje","2017-10-25 18:23:32","950","968","41","18","VV"
"58483591999_10154725065277000","vetevendosje","2017-10-25 20:00:02","451","461","18","6","VV"
"58483591999_10154725480807000","vetevendosje","2017-10-25 23:07:31","507","518","15","7","VV"
"58483591999_10154726911907000","vetevendosje","2017-10-26 17:38:27","662","679","8","8","VV"
"58483591999_10154733232557000","vetevendosje","2017-10-29 13:05:54","562","664","305","35","VV"
"58483591999_10154733432877000","vetevendosje","2017-10-29 15:24:09","882","1012","340","72","VV"
"58483591999_10154737676247000","vetevendosje","2017-10-31 12:24:48","245","251","23","56","VV"
"58483591999_10154740827467000","vetevendosje","2017-11-01 17:32:49","347","351","5","13","VV"
"58483591999_10154741158282000","vetevendosje","2017-11-01 20:27:32","296","299","15","3","VV"
"58483591999_10154741212172000","vetevendosje","2017-11-01 21:00:33","765","790","30","15","VV"
"58483591999_10154743024887000","vetevendosje","2017-11-02 21:01:00","605","619","19","8","VV"
"58483591999_10154743067462000","vetevendosje","2017-11-02 18:00:59","621","640","13","12","VV"
"58483591999_10154743445987000","vetevendosje","2017-11-02 19:43:59","775","815","17","90","VV"
"58483591999_10154747416487000","vetevendosje","2017-11-04 14:04:55","653","928","226","107","VV"
"58483591999_10154747928012000","vetevendosje","2017-11-04 19:00:01","971","1101","51","197","VV"
"58483591999_10154749593102000","vetevendosje","2017-11-05 12:21:02","699","946","204","43","VV"
"58483591999_10154749826262000","vetevendosje","2017-11-05 15:14:23","999","1201","247","97","VV"
"58483591999_10154750334537000","vetevendosje","2017-11-05 19:11:33","1000","1174","17","42","VV"
"58483591999_10154750409912000","vetevendosje","2017-11-05 19:38:28","953","1016","7","29","VV"
"58483591999_130207050975271","vetevendosje","2017-11-03 19:27:07","786","879","25","0","VV"
"58483591999_2067520143482742","vetevendosje","2017-10-19 21:06:49","635","660","16","0","VV"
"590118427700874_1517959308250110","PDKqender","2017-09-26 10:54:06","226","226","0","0","PDK-AAK-NISMA"
"590118427700874_1518059698240071","PDKqender","2017-09-26 13:21:23","142","142","3","0","PDK-AAK-NISMA"
"590118427700874_1518188634893844","PDKqender","2017-09-26 16:38:53","363","363","2","1","PDK-AAK-NISMA"
"590118427700874_1518310898214951","PDKqender","2017-09-26 19:48:38","218","218","1","0","PDK-AAK-NISMA"
"590118427700874_1518896461489728","PDKqender","2017-09-27 14:20:52","325","326","1","3","PDK-AAK-NISMA"
"590118427700874_1518912404821467","PDKqender","2017-09-27 14:46:35","383","386","1","4","PDK-AAK-NISMA"
"590118427700874_1519064461472928","PDKqender","2017-09-27 18:14:29","224","224","3","0","PDK-AAK-NISMA"
"590118427700874_1519163008129740","PDKqender","2017-09-27 21:08:24","429","430","2","2","PDK-AAK-NISMA"
"590118427700874_1520346521344722","PDKqender","2017-09-29 10:04:54","311","311","0","3","PDK-AAK-NISMA"
"590118427700874_1520348131344561","PDKqender","2017-09-29 10:08:20","382","382","0","2","PDK-AAK-NISMA"
"590118427700874_1520479431331431","PDKqender","2017-09-29 14:24:58","233","234","0","4","PDK-AAK-NISMA"
"590118427700874_1520590494653658","PDKqender","2017-09-29 17:08:08","226","227","1","0","PDK-AAK-NISMA"
"590118427700874_1521555531223821","PDKqender","2017-09-30 19:32:39","219","222","0","0","PDK-AAK-NISMA"
"590118427700874_1522276784485029","PDKqender","2017-10-01 16:27:52","242","245","0","0","PDK-AAK-NISMA"
"590118427700874_1522307787815262","PDKqender","2017-10-01 17:13:15","319","324","0","3","PDK-AAK-NISMA"
"590118427700874_1522517041127670","PDKqender","2017-10-01 22:24:35","308","309","1","7","PDK-AAK-NISMA"
"590118427700874_1523254481053926","PDKqender","2017-10-02 19:28:46","1174","1181","11","58","PDK-AAK-NISMA"
"590118427700874_1523312144381493","PDKqender","2017-10-02 20:42:52","383","388","9","0","PDK-AAK-NISMA"
"590118427700874_1523960824316625","PDKqender","2017-10-03 16:24:23","606","612","12","39","PDK-AAK-NISMA"
"590118427700874_1524131437632897","PDKqender","2017-10-03 20:25:53","156","157","0","0","PDK-AAK-NISMA"
"590118427700874_1524151017630939","PDKqender","2017-10-03 20:56:29","262","264","1","0","PDK-AAK-NISMA"
"590118427700874_1524611254251582","PDKqender","2017-10-04 10:37:57","185","186","1","0","PDK-AAK-NISMA"
"590118427700874_1524819574230750","PDKqender","2017-10-04 15:44:55","213","213","0","0","PDK-AAK-NISMA"
"590118427700874_1525181434194564","PDKqender","2017-10-04 23:51:49","264","264","0","1","PDK-AAK-NISMA"
"590118427700874_1526103510769023","PDKqender","2017-10-05 21:20:47","357","358","2","4","PDK-AAK-NISMA"
"590118427700874_1526528070726567","PDKqender","2017-10-06 10:18:31","419","419","0","8","PDK-AAK-NISMA"
"590118427700874_1526678940711480","PDKqender","2017-10-06 14:38:17","241","242","0","0","PDK-AAK-NISMA"
"590118427700874_1526784700700904","PDKqender","2017-10-06 16:58:59","268","268","0","1","PDK-AAK-NISMA"
"590118427700874_1526968127349228","PDKqender","2017-10-06 21:08:43","290","291","1","0","PDK-AAK-NISMA"
"590118427700874_1527832860596088","PDKqender","2017-10-07 21:05:08","225","225","0","0","PDK-AAK-NISMA"
"590118427700874_1527833343929373","PDKqender","2017-10-07 21:05:47","331","331","3","0","PDK-AAK-NISMA"
"590118427700874_1527868057259235","PDKqender","2017-10-07 22:02:31","532","532","8","13","PDK-AAK-NISMA"
"590118427700874_1528477163864991","PDKqender","2017-10-08 15:38:35","183","183","1","0","PDK-AAK-NISMA"
"590118427700874_1528526387193402","PDKqender","2017-10-08 16:48:42","255","255","1","1","PDK-AAK-NISMA"
"590118427700874_1528540610525313","PDKqender","2017-10-08 17:02:58","590","592","5","3","PDK-AAK-NISMA"
"590118427700874_1528762250503149","PDKqender","2017-10-08 22:26:42","263","263","3","3","PDK-AAK-NISMA"
"590118427700874_1529362420443132","PDKqender","2017-10-09 14:42:24","105","107","1","0","PDK-AAK-NISMA"
"590118427700874_1529446417101399","PDKqender","2017-10-09 16:27:09","198","198","1","0","PDK-AAK-NISMA"
"590118427700874_1529473437098697","PDKqender","2017-10-09 17:01:17","301","301","3","2","PDK-AAK-NISMA"
"590118427700874_1529537550425619","PDKqender","2017-10-09 18:28:12","348","348","2","4","PDK-AAK-NISMA"
"590118427700874_1529655540413820","PDKqender","2017-10-09 21:23:10","133","133","1","0","PDK-AAK-NISMA"
"590118427700874_1530274920351882","PDKqender","2017-10-10 15:24:50","118","119","3","3","PDK-AAK-NISMA"
"590118427700874_1530405740338800","PDKqender","2017-10-10 18:27:19","182","183","4","0","PDK-AAK-NISMA"
"590118427700874_1530467733665934","PDKqender","2017-10-10 19:57:59","75","76","0","0","PDK-AAK-NISMA"
"590118427700874_1530468086999232","PDKqender","2017-10-10 19:58:28","276","278","2","3","PDK-AAK-NISMA"
"590118427700874_1531369833575724","PDKqender","2017-10-11 21:28:01","194","195","0","0","PDK-AAK-NISMA"
"590118427700874_1531370420242332","PDKqender","2017-10-11 21:28:28","150","151","0","0","PDK-AAK-NISMA"
"590118427700874_1532626433450064","PDKqender","2017-10-12 09:20:12","334","336","2","1","PDK-AAK-NISMA"
"590118427700874_1532751720104202","PDKqender","2017-10-12 13:07:30","918","937","31","179","PDK-AAK-NISMA"
"590118427700874_1532881450091229","PDKqender","2017-10-12 15:38:59","280","281","2","2","PDK-AAK-NISMA"
"590118427700874_1533243173388390","PDKqender","2017-10-12 23:51:03","268","268","3","5","PDK-AAK-NISMA"
"590118427700874_1533564306689610","PDKqender","2017-10-13 09:22:50","234","237","0","1","PDK-AAK-NISMA"
"590118427700874_1533735906672450","PDKqender","2017-10-13 14:26:05","321","324","4","150","PDK-AAK-NISMA"
"590118427700874_1533738546672186","PDKqender","2017-10-13 14:26:51","361","363","2","1","PDK-AAK-NISMA"
"590118427700874_1533840669995307","PDKqender","2017-10-13 16:21:33","262","263","1","7","PDK-AAK-NISMA"
"590118427700874_1534000173312690","PDKqender","2017-10-13 19:50:45","277","278","0","6","PDK-AAK-NISMA"
"590118427700874_1534114889967885","PDKqender","2017-10-13 22:23:19","361","364","2","10","PDK-AAK-NISMA"
"590118427700874_1534135036632537","PDKqender","2017-10-14 09:00:27","306","307","2","3","PDK-AAK-NISMA"
"590118427700874_1534811583231549","PDKqender","2017-10-14 18:23:44","302","305","3","3","PDK-AAK-NISMA"
"590118427700874_1534889909890383","PDKqender","2017-10-14 19:30:31","460","463","0","7","PDK-AAK-NISMA"
"590118427700874_1534896823223025","PDKqender","2017-10-14 20:30:37","729","732","1","12","PDK-AAK-NISMA"
"590118427700874_1535458803166827","PDKqender","2017-10-15 09:29:00","469","473","3","2","PDK-AAK-NISMA"
"590118427700874_1535562983156409","PDKqender","2017-10-15 12:45:58","277","280","4","0","PDK-AAK-NISMA"
"590118427700874_1535698436476197","PDKqender","2017-10-15 15:55:42","269","269","5","0","PDK-AAK-NISMA"
"590118427700874_1535776573135050","PDKqender","2017-10-15 17:47:39","371","372","8","0","PDK-AAK-NISMA"
"590118427700874_1535826119796762","PDKqender","2017-10-15 18:56:37","535","536","6","8","PDK-AAK-NISMA"
"590118427700874_1535848703127837","PDKqender","2017-10-15 20:30:00","328","328","2","3","PDK-AAK-NISMA"
"590118427700874_1536312063081501","PDKqender","2017-10-16 09:16:56","3960","4046","214","0","PDK-AAK-NISMA"
"590118427700874_1536412413071466","PDKqender","2017-10-16 12:33:55","291","291","2","0","PDK-AAK-NISMA"
"590118427700874_1536549869724387","PDKqender","2017-10-16 16:00:00","410","410","3","5","PDK-AAK-NISMA"
"590118427700874_1536561209723253","PDKqender","2017-10-16 16:02:13","500","505","9","69","PDK-AAK-NISMA"
"590118427700874_1536755683037139","PDKqender","2017-10-16 20:19:43","238","238","1","2","PDK-AAK-NISMA"
"590118427700874_1537289539650420","PDKqender","2017-10-17 09:01:15","180","181","1","1","PDK-AAK-NISMA"
"590118427700874_1537371969642177","PDKqender","2017-10-17 11:56:55","677","683","14","0","PDK-AAK-NISMA"
"590118427700874_1537433449636029","PDKqender","2017-10-17 13:49:08","220","222","3","2","PDK-AAK-NISMA"
"590118427700874_1537474039631970","PDKqender","2017-10-17 14:54:10","287","289","3","2","PDK-AAK-NISMA"
"590118427700874_1537474802965227","PDKqender","2017-10-17 15:30:01","164","165","3","0","PDK-AAK-NISMA"
"590118427700874_1537475472965160","PDKqender","2017-10-17 16:30:00","63","63","1","0","PDK-AAK-NISMA"
"590118427700874_1537475896298451","PDKqender","2017-10-17 17:30:01","72","73","0","0","PDK-AAK-NISMA"
"590118427700874_1537476332965074","PDKqender","2017-10-17 18:30:01","181","182","0","2","PDK-AAK-NISMA"
"590118427700874_1537476802965027","PDKqender","2017-10-17 19:30:01","76","76","0","0","PDK-AAK-NISMA"
"590118427700874_1537477209631653","PDKqender","2017-10-17 20:30:00","143","144","2","1","PDK-AAK-NISMA"
"590118427700874_1537477669631607","PDKqender","2017-10-17 21:30:00","107","108","0","0","PDK-AAK-NISMA"
"590118427700874_1537478206298220","PDKqender","2017-10-17 22:30:01","59","59","1","1","PDK-AAK-NISMA"
"590118427700874_1537490032963704","PDKqender","2017-10-17 15:19:10","263","265","1","0","PDK-AAK-NISMA"
"590118427700874_1537588306287210","PDKqender","2017-10-17 17:34:23","640","641","2","15","PDK-AAK-NISMA"
"590118427700874_1537679449611429","PDKqender","2017-10-17 19:48:19","586","588","4","10","PDK-AAK-NISMA"
"590118427700874_1538508989528475","PDKqender","2017-10-18 17:29:50","440","442","4","5","PDK-AAK-NISMA"
"590118427700874_1538534292859278","PDKqender","2017-10-18 18:05:20","250","250","5","0","PDK-AAK-NISMA"
"590118427700874_1538589379520436","PDKqender","2017-10-18 19:26:52","808","812","18","31","PDK-AAK-NISMA"
"590118427700874_1539051862807521","PDKqender","2017-10-19 09:10:08","263","266","0","8","PDK-AAK-NISMA"
"590118427700874_1539308519448522","PDKqender","2017-10-19 15:40:53","520","520","4","21","PDK-AAK-NISMA"
"590118427700874_1539349399444434","PDKqender","2017-10-19 16:38:26","255","257","3","0","PDK-AAK-NISMA"
"590118427700874_1539436206102420","PDKqender","2017-10-19 18:34:08","219","223","3","0","PDK-AAK-NISMA"
"590118427700874_1539541362758571","PDKqender","2017-10-19 21:20:38","313","314","3","1","PDK-AAK-NISMA"
"590118427700874_1539964839382890","PDKqender","2017-10-20 09:15:38","224","225","0","2","PDK-AAK-NISMA"
"590118427700874_1540157152696992","PDKqender","2017-10-20 14:23:38","478","480","3","8","PDK-AAK-NISMA"
"590118427700874_1540181006027940","PDKqender","2017-10-20 15:00:50","464","467","5","0","PDK-AAK-NISMA"
"590118427700874_1540238356022205","PDKqender","2017-10-20 16:22:14","94","94","1","0","PDK-AAK-NISMA"
"590118427700874_1540414919337882","PDKqender","2017-10-20 20:29:30","508","516","11","0","PDK-AAK-NISMA"
"590118427700874_1540420549337319","PDKqender","2017-10-20 20:37:37","469","473","4","9","PDK-AAK-NISMA"
"590118427700874_1540482815997759","PDKqender","2017-10-20 22:17:03","246","247","6","0","PDK-AAK-NISMA"
"590118427700874_1541836365862404","PDKqender","2017-10-22 13:56:39","678","683","17","0","PDK-AAK-NISMA"
"590118427700874_1542121452500562","PDKqender","2017-10-22 20:22:38","388","389","3","0","PDK-AAK-NISMA"
"590118427700874_1544587405587300","PDKqender","2017-10-25 14:30:49","124","124","0","0","PDK-AAK-NISMA"
"590118427700874_1544591078920266","PDKqender","2017-10-25 14:35:51","35","35","0","0","PDK-AAK-NISMA"
"590118427700874_1544847538894620","PDKqender","2017-10-25 20:35:54","3394","3453","436","516","PDK-AAK-NISMA"
"590118427700874_1547337475312293","PDKqender","2017-10-28 15:11:31","116","116","2","0","PDK-AAK-NISMA"
"590118427700874_1551178178261556","PDKqender","2017-11-01 13:44:09","125","126","0","0","PDK-AAK-NISMA"
"590118427700874_1553110338068340","PDKqender","2017-11-03 16:02:36","101","101","5","0","PDK-AAK-NISMA"
"590118427700874_1553232108056163","PDKqender","2017-11-03 18:45:02","86","87","0","0","PDK-AAK-NISMA"
"590118427700874_1554064924639548","PDKqender","2017-11-04 16:25:22","82","82","0","0","PDK-AAK-NISMA"
"590118427700874_1554207984625242","PDKqender","2017-11-04 19:26:34","87","88","0","0","PDK-AAK-NISMA"
"731872216837591_10155654901719098","nismaperkosoven.official","2017-09-27 22:51:40","98","98","0","4","PDK-AAK-NISMA"
"731872216837591_10155704645524098","nismaperkosoven.official","2017-10-16 20:03:30","230","230","3","5","PDK-AAK-NISMA"
"731872216837591_10155717435009098","nismaperkosoven.official","2017-10-20 19:35:03","268","272","5","30","PDK-AAK-NISMA"
"731872216837591_1703257549699048","nismaperkosoven.official","2017-09-26 13:28:56","119","120","10","3","PDK-AAK-NISMA"
"731872216837591_1703330039691799","nismaperkosoven.official","2017-09-26 15:14:15","79","79","3","1","PDK-AAK-NISMA"
"731872216837591_1703425936348876","nismaperkosoven.official","2017-09-26 16:58:40","132","132","2","9","PDK-AAK-NISMA"
"731872216837591_1703453366346133","nismaperkosoven.official","2017-09-26 18:14:49","85","86","1","5","PDK-AAK-NISMA"
"731872216837591_1704347422923394","nismaperkosoven.official","2017-09-27 17:08:50","68","69","0","1","PDK-AAK-NISMA"
"731872216837591_1704351446256325","nismaperkosoven.official","2017-09-27 17:18:36","104","105","2","10","PDK-AAK-NISMA"
"731872216837591_1704506752907461","nismaperkosoven.official","2017-09-27 19:52:04","37","37","0","1","PDK-AAK-NISMA"
"731872216837591_1704512089573594","nismaperkosoven.official","2017-09-27 20:02:28","39","39","0","0","PDK-AAK-NISMA"
"731872216837591_1704629006228569","nismaperkosoven.official","2017-09-27 22:35:10","51","51","0","2","PDK-AAK-NISMA"
"731872216837591_1704633509561452","nismaperkosoven.official","2017-09-27 22:44:20","97","97","0","3","PDK-AAK-NISMA"
"731872216837591_1705592306132239","nismaperkosoven.official","2017-09-28 18:12:27","209","213","17","9","PDK-AAK-NISMA"
"731872216837591_1705596106131859","nismaperkosoven.official","2017-09-28 18:15:24","71","71","1","0","PDK-AAK-NISMA"
"731872216837591_1705661802791956","nismaperkosoven.official","2017-09-28 20:06:23","71","71","2","0","PDK-AAK-NISMA"
"731872216837591_1705748599449943","nismaperkosoven.official","2017-09-28 21:46:09","172","172","0","4","PDK-AAK-NISMA"
"731872216837591_1705766966114773","nismaperkosoven.official","2017-09-28 22:08:17","61","61","0","1","PDK-AAK-NISMA"
"731872216837591_1706558592702277","nismaperkosoven.official","2017-09-29 18:44:51","114","114","0","5","PDK-AAK-NISMA"
"731872216837591_1706603212697815","nismaperkosoven.official","2017-09-29 20:12:36","91","92","3","0","PDK-AAK-NISMA"
"731872216837591_1706612069363596","nismaperkosoven.official","2017-09-29 19:55:23","291","295","67","29","PDK-AAK-NISMA"
"731872216837591_1706684529356350","nismaperkosoven.official","2017-09-29 21:17:14","84","84","0","5","PDK-AAK-NISMA"
"731872216837591_1706701442687992","nismaperkosoven.official","2017-09-29 21:40:21","47","47","0","7","PDK-AAK-NISMA"
"731872216837591_1707302609294542","nismaperkosoven.official","2017-09-30 15:13:48","148","150","8","4","PDK-AAK-NISMA"
"731872216837591_1707480532610083","nismaperkosoven.official","2017-09-30 18:48:04","134","135","6","15","PDK-AAK-NISMA"
"731872216837591_1707540285937441","nismaperkosoven.official","2017-09-30 20:25:04","114","115","3","7","PDK-AAK-NISMA"
"731872216837591_1707582345933235","nismaperkosoven.official","2017-09-30 20:53:05","164","164","1","25","PDK-AAK-NISMA"
"731872216837591_1707597115931758","nismaperkosoven.official","2017-09-30 21:10:49","109","109","0","7","PDK-AAK-NISMA"
"731872216837591_1707619052596231","nismaperkosoven.official","2017-09-30 21:41:59","148","148","1","3","PDK-AAK-NISMA"
"731872216837591_1707622499262553","nismaperkosoven.official","2017-09-30 21:47:54","101","101","1","2","PDK-AAK-NISMA"
"731872216837591_1707661395925330","nismaperkosoven.official","2017-09-30 22:47:05","118","118","2","5","PDK-AAK-NISMA"
"731872216837591_1707688622589274","nismaperkosoven.official","2017-09-30 23:27:09","75","75","1","0","PDK-AAK-NISMA"
"731872216837591_1708364505855019","nismaperkosoven.official","2017-10-01 16:18:05","168","173","11","9","PDK-AAK-NISMA"
"731872216837591_1708385989186204","nismaperkosoven.official","2017-10-01 16:20:55","83","83","2","0","PDK-AAK-NISMA"
"731872216837591_1708675785823891","nismaperkosoven.official","2017-10-01 21:25:59","220","220","5","3","PDK-AAK-NISMA"
"731872216837591_1708693609155442","nismaperkosoven.official","2017-10-01 21:50:23","158","158","2","7","PDK-AAK-NISMA"
"731872216837591_1708792989145504","nismaperkosoven.official","2017-10-02 00:08:03","50","50","1","0","PDK-AAK-NISMA"
"731872216837591_1709479489076854","nismaperkosoven.official","2017-10-02 18:14:34","134","135","8","9","PDK-AAK-NISMA"
"731872216837591_1709603925731077","nismaperkosoven.official","2017-10-02 19:55:13","81","81","4","0","PDK-AAK-NISMA"
"731872216837591_1709696142388522","nismaperkosoven.official","2017-10-02 21:05:48","154","154","3","13","PDK-AAK-NISMA"
"731872216837591_1709700909054712","nismaperkosoven.official","2017-10-02 21:11:12","125","125","1","7","PDK-AAK-NISMA"
"731872216837591_1710758575615612","nismaperkosoven.official","2017-10-03 18:08:33","1017","1023","32","95","PDK-AAK-NISMA"
"731872216837591_1710760515615418","nismaperkosoven.official","2017-10-03 18:23:37","141","143","0","4","PDK-AAK-NISMA"
"731872216837591_1710876358937167","nismaperkosoven.official","2017-10-03 19:45:52","26","26","0","0","PDK-AAK-NISMA"
"731872216837591_1711031505588319","nismaperkosoven.official","2017-10-03 22:23:51","159","159","2","11","PDK-AAK-NISMA"
"731872216837591_1711669565524513","nismaperkosoven.official","2017-10-04 12:10:15","103","103","1","0","PDK-AAK-NISMA"
"731872216837591_1712016058823197","nismaperkosoven.official","2017-10-04 18:53:37","113","113","1","4","PDK-AAK-NISMA"
"731872216837591_1712212158803587","nismaperkosoven.official","2017-10-04 22:43:27","22","22","1","0","PDK-AAK-NISMA"
"731872216837591_1713180238706779","nismaperkosoven.official","2017-10-05 22:28:49","237","237","1","11","PDK-AAK-NISMA"
"731872216837591_1713983151959821","nismaperkosoven.official","2017-10-06 19:33:12","288","291","22","5","PDK-AAK-NISMA"
"731872216837591_1714047948620008","nismaperkosoven.official","2017-10-06 20:04:04","63","63","1","0","PDK-AAK-NISMA"
"731872216837591_1714138958610907","nismaperkosoven.official","2017-10-06 22:08:27","288","288","1","3","PDK-AAK-NISMA"
"731872216837591_1714183538606449","nismaperkosoven.official","2017-10-06 23:27:26","305","305","1","0","PDK-AAK-NISMA"
"731872216837591_1714184521939684","nismaperkosoven.official","2017-10-06 23:28:57","373","373","1","0","PDK-AAK-NISMA"
"731872216837591_1714184748606328","nismaperkosoven.official","2017-10-06 23:29:21","253","253","0","0","PDK-AAK-NISMA"
"731872216837591_1714846288540174","nismaperkosoven.official","2017-10-07 15:52:17","99","99","1","0","PDK-AAK-NISMA"
"731872216837591_1715111475180322","nismaperkosoven.official","2017-10-07 21:28:08","180","182","6","3","PDK-AAK-NISMA"
"731872216837591_1716122158412587","nismaperkosoven.official","2017-10-08 21:19:08","191","197","22","12","PDK-AAK-NISMA"
"731872216837591_1717134228311380","nismaperkosoven.official","2017-10-09 18:55:43","109","109","1","4","PDK-AAK-NISMA"
"731872216837591_1717216821636454","nismaperkosoven.official","2017-10-09 20:59:57","108","108","1","8","PDK-AAK-NISMA"
"731872216837591_1718250438199759","nismaperkosoven.official","2017-10-10 22:45:58","74","74","0","0","PDK-AAK-NISMA"
"731872216837591_1718250774866392","nismaperkosoven.official","2017-10-10 22:46:09","99","99","2","0","PDK-AAK-NISMA"
"731872216837591_1718747998150003","nismaperkosoven.official","2017-10-11 12:27:22","130","130","1","15","PDK-AAK-NISMA"
"731872216837591_1719072138117589","nismaperkosoven.official","2017-10-11 20:17:05","136","138","4","5","PDK-AAK-NISMA"
"731872216837591_1719138398110963","nismaperkosoven.official","2017-10-11 21:41:17","166","169","9","1","PDK-AAK-NISMA"
"731872216837591_1719145008110302","nismaperkosoven.official","2017-10-11 21:47:34","89","89","1","0","PDK-AAK-NISMA"
"731872216837591_1719951531362983","nismaperkosoven.official","2017-10-12 17:58:28","238","238","2","7","PDK-AAK-NISMA"
"731872216837591_1720036791354457","nismaperkosoven.official","2017-10-12 20:18:50","276","285","21","6","PDK-AAK-NISMA"
"731872216837591_1720197661338370","nismaperkosoven.official","2017-10-12 22:54:51","159","159","2","20","PDK-AAK-NISMA"
"731872216837591_1721091354582334","nismaperkosoven.official","2017-10-13 20:32:46","143","146","2","4","PDK-AAK-NISMA"
"731872216837591_1721774271180709","nismaperkosoven.official","2017-10-14 14:15:46","124","125","6","6","PDK-AAK-NISMA"
"731872216837591_1723023881055748","nismaperkosoven.official","2017-10-15 17:28:53","245","250","20","13","PDK-AAK-NISMA"
"731872216837591_1723155787709224","nismaperkosoven.official","2017-10-15 20:33:19","143","144","1","2","PDK-AAK-NISMA"
"731872216837591_1724183300939806","nismaperkosoven.official","2017-10-16 20:13:45","195","197","3","2","PDK-AAK-NISMA"
"731872216837591_1724236064267863","nismaperkosoven.official","2017-10-16 21:03:37","111","112","2","3","PDK-AAK-NISMA"
"731872216837591_1726175840740552","nismaperkosoven.official","2017-10-18 17:11:09","153","154","6","6","PDK-AAK-NISMA"
"731872216837591_1727118927312910","nismaperkosoven.official","2017-10-19 12:04:16","378","379","2","7","PDK-AAK-NISMA"
"731872216837591_1727333960624740","nismaperkosoven.official","2017-10-19 17:40:47","151","158","20","29","PDK-AAK-NISMA"
"731872216837591_1730504280307708","nismaperkosoven.official","2017-10-22 12:36:46","80","81","2","6","PDK-AAK-NISMA"
"731872216837591_1730539170304219","nismaperkosoven.official","2017-10-22 13:11:45","107","107","1","1","PDK-AAK-NISMA"
"731872216837591_1730648853626584","nismaperkosoven.official","2017-10-22 15:15:39","98","98","1","0","PDK-AAK-NISMA"
"731872216837591_1730697560288380","nismaperkosoven.official","2017-10-22 16:07:38","94","94","3","5","PDK-AAK-NISMA"
"731872216837591_1730827233608746","nismaperkosoven.official","2017-10-22 18:39:49","104","106","3","8","PDK-AAK-NISMA"
"731872216837591_1730892920268844","nismaperkosoven.official","2017-10-22 19:54:53","32","32","0","0","PDK-AAK-NISMA"
"731872216837591_1731048266919976","nismaperkosoven.official","2017-10-22 23:15:07","81","82","1","1","PDK-AAK-NISMA"
"731872216837591_1731704900187646","nismaperkosoven.official","2017-10-23 15:06:19","94","95","0","0","PDK-AAK-NISMA"
"731872216837591_1731777676847035","nismaperkosoven.official","2017-10-23 16:28:27","61","61","2","0","PDK-AAK-NISMA"
"731872216837591_1733354230022713","nismaperkosoven.official","2017-10-24 21:10:17","86","86","0","5","PDK-AAK-NISMA"
"731872216837591_1741554212536048","nismaperkosoven.official","2017-10-31 21:15:58","77","77","1","0","PDK-AAK-NISMA"
"731872216837591_1747082071983262","nismaperkosoven.official","2017-11-05 19:19:51","22","23","0","0","PDK-AAK-NISMA"
